,filename,original_sentence,google_word,google_phoneme,sphinx_word,sphinx_phoneme
0,./utterance_data/speaker_L/001.wav,Well go to Sofa  take empty_ketchup finally come back .,will go to sofa take out the ketchup finally cut bike,W IH1 L G OW1 T UW1 S OW1 F AH0 T EY1 K AW1 T DH AH0 K EH1 CH AH0 P F AY1 N AH0 L IY0 K AH1 T B AY1 K,we'll go to school for the cavity catch up suddenly caught bike,W IY1 L G OW1 T UW1 S K UW1 L F AO1 R DH AH0 K AE1 V AH0 T IY0 K AE1 CH AH1 P S AH1 D AH0 N L IY0 K AA1 T B AY1 K
1,./utterance_data/speaker_L/002.wav,Go to Dining_Sofa next detect camera  take it .,go to dinner so fat next detox camera ticket,G OW1 T UW1 D IH1 N ER0 S OW1 F AE1 T N EH1 K S T D IY1 T AA2 K S K AE1 M ER0 AH0 T IH1 K AH0 T,go to dinner so far i'm next he can't come and take it,G OW1 T UW1 D IH1 N ER0 S OW1 F AA1 R AY1 M N EH1 K S T HH IY1 K AE1 N T K AH1 M AH0 N D T EY1 K IH1 T
2,./utterance_data/speaker_L/003.wav,Move to Living_Table  grasp Bleach  leave the apartment please .,move to dealing table crossbridge apartment please,M UW1 V T UW1 D IY1 L IH0 NG T EY1 B AH0 L S IY1 AA1 R OW1 EH1 S EH1 S B IY1 AA1 R AY1 D IY1 JH IY1 IY1 AH0 P AA1 R T M AH0 N T P L IY1 Z,move to the people must reach the use of apartment peace,M UW1 V T UW1 DH AH0 P IY1 P AH0 L M AH1 S T R IY1 CH DH AH0 Y UW1 S AH1 V AH0 P AA1 R T M AH0 N T P IY1 S
3,./utterance_data/speaker_L/004.wav,Go to Sofa  take Cup_Star put it on Living_Table okay .,go to sofa take up stop put it on leaving table okay,G OW1 T UW1 S OW1 F AH0 T EY1 K AH1 P S T AA1 P P UH1 T IH1 T AA1 N L IY1 V IH0 NG T EY1 B AH0 L OW2 K EY1,go to so far i hate cops the hot potato and meeting people okay,G OW1 T UW1 S OW1 F AA1 R AY1 HH EY1 T K AA1 P S DH AH0 HH AA1 T P AH0 T EY1 T OW2 AH0 N D M IY1 T IH0 NG P IY1 P AH0 L OW2 K EY1
4,./utterance_data/speaker_L/005.wav,Go to Kitchen_Table move to Living_Table take Red_Tea .,go to kitchen table move to living table take a dried tea,G OW1 T UW1 K IH1 CH AH0 N T EY1 B AH0 L M UW1 V T UW1 L IH1 V IH0 NG T EY1 B AH0 L T EY1 K AH0 D R AY1 D T IY1,go to a teaching people moved to the thing people take ago actually,G OW1 T UW1 AH0 T IY1 CH IH0 NG P IY1 P AH0 L M UW1 V D T UW1 DH AH0 TH IH1 NG P IY1 P AH0 L T EY1 K AH0 G OW1 AE1 K CH UW2 AH0 L IY0
5,./utterance_data/speaker_L/006.wav,Can you move to Living_Table get toy_car then come back .,can you move to different people get toy car then come back,K AE1 N Y UW1 M UW1 V T UW1 D IH1 F ER0 AH0 N T P IY1 P AH0 L G EH1 T T OY1 K AA1 R DH EH1 N K AH1 M B AE1 K,can you move to beating people get to boycott the game come back,K AE1 N Y UW1 M UW1 V T UW1 B IY1 T IH0 NG P IY1 P AH0 L G EH1 T T UW1 B OY1 K AA2 T DH AH0 G EY1 M K AH1 M B AE1 K
6,./utterance_data/speaker_L/007.wav,Move to Side_Table get ground_pepper place it on Sofa okay .,motorcycle table get wallpaper off Sulphur ok,M OW1 T ER0 S AY2 K AH0 L T EY1 B AH0 L G EH1 T W AO1 L P EY2 P ER0 AO1 F S AH1 L F ER0 OW1 K EY1,move to set people get groaned paper the state and so far okay,M UW1 V T UW1 S EH1 T P IY1 P AH0 L G EH1 T G R OW1 N D P EY1 P ER0 DH AH0 S T EY1 T AH0 N D S OW1 F AA1 R OW2 K EY1
7,./utterance_data/speaker_L/008.wav,Would you go to Kitchen_Table  take sugar  bring it to Side_Table .,would you go to kitchen table take sugar ring 82 side table,W UH1 D Y UW1 G OW1 T UW1 K IH1 CH AH0 N T EY1 B AH0 L T EY1 K SH UH1 G ER0 R IH1 NG EY1 T T UW1 S AY1 D T EY1 B AH0 L,would you go to teaching people take sugar relate to start people,W UH1 D Y UW1 G OW1 T UW1 T IY1 CH IH0 NG P IY1 P AH0 L T EY1 K SH UH1 G ER0 R IH0 L EY1 T T UW1 S T AA1 R T P IY1 P AH0 L
8,./utterance_data/speaker_L/009.wav,Can you move to Side_Table get salt then come back .,can you move to side table light assault then come back,K AE1 N Y UW1 M UW1 V T UW1 S AY1 D T EY1 B AH0 L L AY1 T AH0 S AO1 L T DH EH1 N K AH1 M B AE1 K,how you move to cite people get salt been come back,HH AW1 Y UW1 M UW1 V T UW1 S AY1 T P IY1 P AH0 L G EH1 T S AO1 L T B IH1 N K AH1 M B AE1 K
9,./utterance_data/speaker_L/010.wav,Go to Visitor_Room take canned_juice put it on Bar please .,go to Wichita route take Card juice bar price,G OW1 T UW1 W IH1 CH AH0 T AO2 R UW1 T T EY1 K K AA1 R D JH UW1 S B AA1 R P R AY1 S,gold who received a move that take current choose who takes a bomb properties,G OW1 L D HH UW1 R AH0 S IY1 V D AH0 M UW1 V DH AE1 T T EY1 K K ER1 AH0 N T CH UW1 Z HH UW1 T EY1 K S AH0 B AA1 M P R AA1 P ER0 T IY0 Z
10,./utterance_data/speaker_L/011.wav,Move to Sofa  go to Bar then exit the apartment .,Mewtwo so far go to Bar then exists a Apartments,EH1 M IY1 D AH1 B AH0 L Y UW0 T IY1 D AH1 B AH0 L Y UW0 OW1 S OW1 F AA1 R G OW1 T UW1 B AA1 R DH EH1 N IH0 G Z IH1 S T S AH0 AH0 P AA1 R T M AH0 N T S,move to soulful go to a bar begins because it is an apartment,M UW1 V T UW1 S OW1 L F AH0 L G OW1 T UW1 AH0 B AA1 R B IH0 G IH1 N Z B IH0 K AO1 Z IH1 T IH1 Z AE1 N AH0 P AA1 R T M AH0 N T
11,./utterance_data/speaker_L/012.wav,Well get Cup_Noodle from Living_Table go to Dining_Room move to Sofa .,we'll get cup noodle from dining table go to dining room Mewtwo so far,W IY1 L G EH1 T K AH1 P N UW1 D AH0 L F R AH1 M D AY1 N IH0 NG T EY1 B AH0 L G OW1 T UW1 D AY1 N IH0 NG R UW1 M EH1 M IY1 D AH1 B AH0 L Y UW0 T IY1 D AH1 B AH0 L Y UW0 OW1 S OW1 F AA1 R,we'll get caught window from beating people go to that moon into so far,W IY1 L G EH1 T K AA1 T W IH1 N D OW0 F R AH1 M B IY1 T IH0 NG P IY1 P AH0 L G OW1 T UW1 DH AE1 T M UW1 N IH1 N T UW0 S OW1 F AA1 R
12,./utterance_data/speaker_L/013.wav,Call a person then ask for an order get Brown_Tea from Reception_Table .,call the person that asked for my order got wrong to you from reception table,K AO1 L DH AH0 P ER1 S AH0 N DH AE1 T AE1 S K T F AO1 R M AY1 AO1 R D ER0 G AA1 T R AO1 NG T UW1 Y UW1 F R AH1 M R IH0 S EH1 P SH AH0 N T EY1 B AH0 L,call up assume that a school for a quarter get grumpy from reception people,K AO1 L AH1 P AH0 S UW1 M DH AE1 T AH0 S K UW1 L F AO1 R AH0 K W AO1 R T ER0 G EH1 T G R AH1 M P IY0 F R AH1 M R IH0 S EH1 P SH AH0 N P IY1 P AH0 L
13,./utterance_data/speaker_L/014.wav,Can you bring nursing_bottle from Bar go to Kitchen_Room move to Sofa .,Caillou bring nursing photo from bar to Kitchen room sofa,S IY1 AH0 AY1 EH1 L EH1 L OW1 Y UW1 B R IH1 NG N ER1 S IH0 NG F OW1 T OW2 F R AH1 M B AA1 R T UW1 K IH1 CH AH0 N R UW1 M S OW1 F AH0,hey you bring this uncle toll from our good to teaching room into so far,HH EY1 Y UW1 B R IH1 NG DH IH1 S AH1 NG K AH0 L T OW1 L F R AH1 M AW1 ER0 G UH1 D T UW1 T IY1 CH IH0 NG R UW1 M IH1 N T UW0 S OW1 F AA1 R
14,./utterance_data/speaker_L/015.wav,Can you bring filled_ketchup from Sofa go to lobby move to Reception_Table .,can you bring sealed Ketchup from Suffolk go to low po2 reception table,K AE1 N Y UW1 B R IH1 NG S IY1 L D K EH1 CH AH0 P F R AH1 M S AH1 F AH0 K G OW1 T UW1 L OW1 P IY1 OW1 T UW1 R IH0 S EH1 P SH AH0 N T EY1 B AH0 L,can you bring feel it you shop from so far golden oldie but more to reception people,K AE1 N Y UW1 B R IH1 NG F IY1 L IH1 T Y UW1 SH AA1 P F R AH1 M S OW1 F AA1 R G OW1 L D AH0 N OW1 L D IY0 B AH1 T M AO1 R T UW1 R IH0 S EH1 P SH AH0 N P IY1 P AH0 L
15,./utterance_data/speaker_L/016.wav,Would you go to Dining_Table  take spray_bottle  bring it to Living_Sofa .,would you go to dining table takes forever to bring it to Leading so far,W UH1 D Y UW1 G OW1 T UW1 D AY1 N IH0 NG T EY1 B AH0 L T EY1 K S F ER0 EH1 V ER0 T UW1 B R IH1 NG IH1 T T UW1 L IY1 D IH0 NG S OW1 F AA1 R,would you go to the dining table takes weevil told relocate to deviants who fought,W UH1 D Y UW1 G OW1 T UW1 DH AH0 D AY1 N IH0 NG T EY1 B AH0 L T EY1 K S W IY1 V AH0 L T OW1 L D R IY2 L OW1 K EY0 T T UW1 D IY1 V IY0 AH0 N T S HH UW1 F AO1 T
16,./utterance_data/speaker_L/017.wav,Go to lobby  move to Dining_Table  finally leave the apartment .,go to Lobby mucho dining table finally DC Apartments,G OW1 T UW1 L AA1 B IY0 M UW1 CH OW0 D AY1 N IH0 NG T EY1 B AH0 L F AY1 N AH0 L IY0 D IY2 S IY1 AH0 P AA1 R T M AH0 N T S,it'll be moved to dining table fighting a deviate apartment,IH1 T AH0 L B IY1 M UW1 V D T UW1 D AY1 N IH0 NG T EY1 B AH0 L F AY1 T IH0 NG AH0 D IY1 V IY0 EY2 T AH0 P AA1 R T M AH0 N T
17,./utterance_data/speaker_L/018.wav,Would you move to Reception_Table grasp dog_doll and come back .,Judy Moody to reception table grasp doctor and come back,JH UW1 D IY0 M UW1 D IY0 T UW1 R IH0 S EH1 P SH AH0 N T EY1 B AH0 L G R AE1 S P D AA1 K T ER0 AH0 N D K AH1 M B AE1 K,but you need to section people grasp and local and come back,B AH1 T Y UW1 N IY1 D T UW1 S EH1 K SH AH0 N P IY1 P AH0 L G R AE1 S P AH0 N D L OW1 K AH0 L AH0 N D K AH1 M B AE1 K
18,./utterance_data/speaker_L/019.wav,Move to Living_Table  grasp Cup_Noodle  leave the apartment please .,Mutu leaving table grass capelouto leave the apartment please,EH1 M Y UW1 T IY1 Y UW1 L IY1 V IH0 NG T EY1 B AH0 L G R AE1 S S IY1 AH0 P IY1 IY1 EH1 L OW1 Y UW1 T IY1 OW1 L IY1 V DH AH0 AH0 P AA1 R T M AH0 N T P L IY1 Z,move to beating people who are schools caputo the u. the apartment peace,M UW1 V T UW1 B IY1 T IH0 NG P IY1 P AH0 L HH UW1 AA1 R S K UW1 L Z K AA0 P UW1 T OW0 DH AH0 Y UW1 DH AH0 AH0 P AA1 R T M AH0 N T P IY1 S
19,./utterance_data/speaker_L/020.wav,Can you go to Side_Table take cigarette carry it to Bar .,can you go to side table take sigrid's carrot to the bar,K AE1 N Y UW1 G OW1 T UW1 S AY1 D T EY1 B AH0 L T EY1 K EH1 S AY1 JH IY1 AA1 R AY1 D IY1 EH1 S K AE1 R AH0 T T UW1 DH AH0 B AA1 R,can you go to such people it takes a right carried to the bar,K AE1 N Y UW1 G OW1 T UW1 S AH1 CH P IY1 P AH0 L IH1 T T EY1 K S AH0 R AY1 T K AE1 R IY0 D T UW1 DH AH0 B AA1 R
20,./utterance_data/speaker_L/021.wav,Can you go to Kitchen_Table take apple carry it to Living_Table .,how you go to kitchen table take apple. To living table,HH AW1 Y UW1 G OW1 T UW1 K IH1 CH AH0 N T EY1 B AH0 L T EY1 K AH0 P IY1 P IY1 EH1 L IY1 T UW1 L IH1 V IH0 NG T EY1 B AH0 L,are you good to keep some people take a poll carried to deny the people,AA1 R Y UW1 G UH1 D T UW1 K IY1 P S AH1 M P IY1 P AH0 L T EY1 K AH0 P OW1 L K AE1 R IY0 D T UW1 D IH0 N AY1 DH AH0 P IY1 P AH0 L
21,./utterance_data/speaker_L/022.wav,Go to Corridor er find a person neayby bring sauce from Dining_Sofa .,go to carry tall are funnier person nearby bring sauce from dining sofa,G OW1 T UW1 K AE1 R IY0 T AO1 L AA1 R F AH1 N IY0 ER0 P ER1 S AH0 N N IH1 R B AY1 B R IH1 NG S AO1 S F R AH1 M D AY1 N IH0 NG S OW1 F AH0,go to chemical here for the person you're buying bring souls from his bedroom so far,G OW1 T UW1 K EH1 M AH0 K AH0 L HH IY1 R F AO1 R DH AH0 P ER1 S AH0 N Y UH1 R B AY1 IH0 NG B R IH1 NG S OW1 L Z F R AH1 M HH IH1 Z B EH1 D R UW2 M S OW1 F AA1 R
22,./utterance_data/speaker_L/023.wav,Well go to Side_Table  take Korean_Soup finally come back .,mail go to side table take green soap can Pike,M EY1 L G OW1 T UW1 S AY1 D T EY1 B AH0 L T EY1 K G R IY1 N S OW1 P K AE1 N P AY1 K,no go to start people the cream sold five can bite,N OW1 G OW1 T UW1 S T AA1 R T P IY1 P AH0 L DH AH0 K R IY1 M S OW1 L D F AY1 V K AE1 N B AY1 T
23,./utterance_data/speaker_L/024.wav,Go to Dining_Sofa find a person neayby  er follow a person .,go to dining sofa Bollywood person nearby are photo of a person,G OW1 T UW1 D AY1 N IH0 NG S OW1 F AH0 B AA1 L IY2 W UH0 D P ER1 S AH0 N N IH1 R B AY1 AA1 R F OW1 T OW2 AH1 V AH0 P ER1 S AH0 N,good to dying soulful and of course in nearby here for a person,G UH1 D T UW1 D AY1 IH0 NG S OW1 L F AH0 L AH0 N D AH1 V K AO1 R S IH0 N N IH1 R B AY1 HH IY1 R F AO1 R AH0 P ER1 S AH0 N
24,./utterance_data/speaker_L/025.wav,Would you move to Reception_Table take Orange_Juice then come back .,would you move to reception table take a ride orange juice then come back,W UH1 D Y UW1 M UW1 V T UW1 R IH0 S EH1 P SH AH0 N T EY1 B AH0 L T EY1 K AH0 R AY1 D AO1 R AH0 N JH JH UW1 S DH EH1 N K AH1 M B AE1 K,would you move to section to take the orange juice didn't come back,W UH1 D Y UW1 M UW1 V T UW1 S EH1 K SH AH0 N T UW1 T EY1 K DH AH0 AO1 R AH0 N JH JH UW1 S D IH1 D AH0 N T K AH1 M B AE1 K
25,./utterance_data/speaker_L/026.wav,Would you move to Side_Table take dog_doll then come back .,would you move to side table take dog door then come back,W UH1 D Y UW1 M UW1 V T UW1 S AY1 D T EY1 B AH0 L T EY1 K D AO1 G D AO1 R DH EH1 N K AH1 M B AE1 K,we shoot to cite people take although didn't come back,W IY1 SH UW1 T T UW1 S AY1 T P IY1 P AH0 L T EY1 K AO2 L DH OW1 D IH1 D AH0 N T K AH1 M B AE1 K
26,./utterance_data/speaker_L/027.wav,Go to lobby take empty_ketchup put it on Dining_Table please .,go to Loki take empty ketchup put it on dining table base,G OW1 T UW1 EH1 L OW1 K EY1 AY1 T EY1 K EH1 M P T IY0 K EH1 CH AH0 P P UH1 T IH1 T AA1 N D AY1 N IH0 NG T EY1 B AH0 L B EY1 S,go to it'll be taken at the pet shop put it on dining table games,G OW1 T UW1 IH1 T AH0 L B IY1 T EY1 K AH0 N AE1 T DH AH0 P EH1 T SH AA1 P P UH1 T IH1 T AA1 N D AY1 N IH0 NG T EY1 B AH0 L G EY1 M Z
27,./utterance_data/speaker_L/028.wav,Would you go to Sofa  take Cup_Star  bring it to Side_Table .,would you go to sofa take Capstar ringgit to side table,W UH1 D Y UW1 G OW1 T UW1 S OW1 F AH0 T EY1 K S IY1 AH0 P IY1 EH1 S T IY1 AH0 AA1 R R IH1 NG IH0 T T UW1 S AY1 D T EY1 B AH0 L,would you go to so far the cops are great to cite people,W UH1 D Y UW1 G OW1 T UW1 S OW1 F AA1 R DH AH0 K AA1 P S AA1 R G R EY1 T T UW1 S AY1 T P IY1 P AH0 L
28,./utterance_data/speaker_L/029.wav,Go to Living_Sofa get Korean_Soup  exit from Kitchen_Room okay .,go to leaving sofa get drink salt exist from Kitchen room okay,G OW1 T UW1 L IY1 V IH0 NG S OW1 F AH0 G EH1 T D R IH1 NG K S AO1 L T IH0 G Z IH1 S T F R AH1 M K IH1 CH AH0 N R UW1 M OW2 K EY1,go to the things will fall get cream sold the data from teaching you okay,G OW1 T UW1 DH AH0 TH IH1 NG Z W IH1 L F AO1 L G EH1 T K R IY1 M S OW1 L D DH AH0 D EY1 T AH0 F R AH1 M T IY1 CH IH0 NG Y UW1 OW2 K EY1
29,./utterance_data/speaker_L/030.wav,Go to Bar find a person neayby  er follow a person .,go to Bar find a person nearby theater full of a person,G OW1 T UW1 B AA1 R F AY1 N D AH0 P ER1 S AH0 N N IH1 R B AY1 TH IY1 AH0 T ER0 F UH1 L AH1 V AH0 P ER1 S AH0 N,school to bar found the person you're buying here for look listen,S K UW1 L T UW1 B AA1 R F AW1 N D DH AH0 P ER1 S AH0 N Y UH1 R B AY1 IH0 NG HH IY1 R F AO1 R L UH1 K L IH1 S AH0 N
30,./utterance_data/speaker_L/031.wav,Can you go to lobby get canned_juice then come back .,can you go to Lobby get candy juice then come back,K AE1 N Y UW1 G OW1 T UW1 L AA1 B IY0 G EH1 T K AE1 N D IY0 JH UW1 S DH EH1 N K AH1 M B AE1 K,can you go to a multi jack can be jews he then come back,K AE1 N Y UW1 G OW1 T UW1 AH0 M AH1 L T IY0 JH AE1 K K AE1 N B IY1 JH UW1 Z HH IY1 DH EH1 N K AH1 M B AE1 K
31,./utterance_data/speaker_L/032.wav,Well move to Living_Table Grasp Brown_Tea then come back .,Bellmore to living table grass for Bronte then come back,B EH1 L M AO0 R T UW1 L IH1 V IH0 NG T EY1 B AH0 L G R AE1 S F AO1 R B R AA1 N T IY0 DH EH1 N K AH1 M B AE1 K,move into letting people roscoe bronte then come back,M UW1 V IH1 N T UW0 L EH1 T IH0 NG P IY1 P AH0 L R AA1 S K OW0 B R AA1 N T IY0 DH EH1 N K AH1 M B AE1 K
32,./utterance_data/speaker_L/033.wav,Go to Dining_Table Grasp filled_plastic_bottle  leave the apartment please .,go to dining table grass football field prosthetic about to leave the apartment please,G OW1 T UW1 D AY1 N IH0 NG T EY1 B AH0 L G R AE1 S F UH1 T B AO2 L F IY1 L D P R AA0 S TH EH1 T IH0 K AH0 B AW1 T T UW1 L IY1 V DH AH0 AH0 P AA1 R T M AH0 N T P L IY1 Z,and go to the dining table to grasp of feel depressed he doubled who the the apartment peace,AH0 N D G OW1 T UW1 DH AH0 D AY1 N IH0 NG T EY1 B AH0 L T UW1 G R AE1 S P AH1 V F IY1 L D IH0 P R EH1 S T HH IY1 D AH1 B AH0 L D HH UW1 DH AH0 DH AH0 AH0 P AA1 R T M AH0 N T P IY1 S
33,./utterance_data/speaker_L/034.wav,Well move to Reception_Table Grasp Japanese_Tea then come back .,Velma to reception table grass for Japanese tea then come back,V EH1 L M AH0 T UW1 R IH0 S EH1 P SH AH0 N T EY1 B AH0 L G R AE1 S F AO1 R JH AE2 P AH0 N IY1 Z T IY1 DH EH1 N K AH1 M B AE1 K,bill more to section people cross with japanese he didn't come back,B IH1 L M AO1 R T UW1 S EH1 K SH AH0 N P IY1 P AH0 L K R AO1 S W IH1 DH JH AE2 P AH0 N IY1 Z HH IY1 D IH1 D AH0 N T K AH1 M B AE1 K
34,./utterance_data/speaker_L/035.wav,Go to lobby Grasp nursing_bottle throw it into Dustbin please .,go to Lobby Congress for nursing photo 08 into taspen please,G OW1 T UW1 L AA1 B IY0 K AA1 NG G R AH0 S F AO1 R N ER1 S IH0 NG F OW1 T OW2 Z IH1 R OW0 EY1 T IH1 N T UW0 T IY1 AH0 EH1 S P IY1 IY1 EH1 N P L IY1 Z,coach little league and cross dressing old hope this early age the truth that's been peace,K OW1 CH L IH1 T AH0 L L IY1 G AH0 N D K R AO1 S D R EH1 S IH0 NG OW1 L D HH OW1 P DH IH1 S ER1 L IY0 EY1 JH DH AH0 T R UW1 TH DH AE1 T S B IH1 N P IY1 S
35,./utterance_data/speaker_L/036.wav,Can you go to Visitor_Room get Japanese_Tea then come back .,Caillou go to visitor room Japanese tea then come back,S IY1 AH0 AY1 EH1 L EH1 L OW1 Y UW1 G OW1 T UW1 V IH1 Z IH0 T ER0 R UW1 M JH AE2 P AH0 N IY1 Z T IY1 DH EH1 N K AH1 M B AE1 K,can you go to greta tune to get at least he again come back,K AE1 N Y UW1 G OW1 T UW1 G R IY1 T AH0 T UW1 N T UW1 G EH1 T AE1 T L IY1 S T HH IY1 AH0 G EH1 N K AH1 M B AE1 K
36,./utterance_data/speaker_L/037.wav,Go to kitchen next find Cup_Noodle take it .,go to Kitchen Next fun cup noodle ticket,G OW1 T UW1 K IH1 CH AH0 N N EH1 K S T F AH1 N K AH1 P N UW1 D AH0 L T IH1 K AH0 T,go to teaching next fun cotton to vacate,G OW1 T UW1 T IY1 CH IH0 NG N EH1 K S T F AH1 N K AA1 T AH0 N T UW1 V EY1 K EY0 T
37,./utterance_data/speaker_L/038.wav,Can you go to Visitor_Room get toy_penguin then come back .,can you go to visitor rule hanging then come back,K AE1 N Y UW1 G OW1 T UW1 V IH1 Z IH0 T ER0 R UW1 L HH AE1 NG IH0 NG DH EH1 N K AH1 M B AE1 K,can you go to visit him exactly compendium again come back,K AE1 N Y UW1 G OW1 T UW1 V IH1 Z IH0 T HH IH1 M IH0 G Z AE1 K T L IY0 K AH0 M P EH1 N D IY0 AH0 M AH0 G EH1 N K AH1 M B AE1 K
38,./utterance_data/speaker_L/039.wav,Well get Bath_Cleaner from Living_Table go to Visitor_Room go to Living_Room .,male cat bus cleaner from leaving table go to visitor room go to living room,M EY1 L K AE1 T B AH1 S K L IY1 N ER0 F R AH1 M L IY1 V IH0 NG T EY1 B AH0 L G OW1 T UW1 V IH1 Z IH0 T ER0 R UW1 M G OW1 T UW1 L IH1 V IH0 NG R UW1 M,bill get us could be in there from leaving people go to the theater and go to that means you,B IH1 L G EH1 T AH1 S K UH1 D B IY1 IH0 N DH EH1 R F R AH1 M L IY1 V IH0 NG P IY1 P AH0 L G OW1 T UW1 DH AH0 TH IY1 AH0 T ER0 AH0 N D G OW1 T UW1 DH AE1 T M IY1 N Z Y UW1
39,./utterance_data/speaker_L/040.wav,Would you go to Dining_Room Grasp pink_cup er come back .,would you go to dining room grass with pink pop are compact,W UH1 D Y UW1 G OW1 T UW1 D AY1 N IH0 NG R UW1 M G R AE1 S W IH1 DH P IH1 NG K P AA1 P AA1 R K AA1 M P AE0 K T,would you go to dining room was looking cop here come back,W UH1 D Y UW1 G OW1 T UW1 D AY1 N IH0 NG R UW1 M W AA1 Z L UH1 K IH0 NG K AA1 P HH IY1 R K AH1 M B AE1 K
40,./utterance_data/speaker_L/041.wav,Go to Dining_Sofa  take Korean_Soup put it on Bar okay .,go to dining sofa take Korean soap Amber ok,G OW1 T UW1 D AY1 N IH0 NG S OW1 F AH0 T EY1 K K AO2 R IY1 AH0 N S OW1 P AE1 M B ER0 OW1 K EY1,go to a bang so far take trimmings full put it to palm off okay,G OW1 T UW1 AH0 B AE1 NG S OW1 F AA1 R T EY1 K T R IH1 M IH0 NG Z F UH1 L P UH1 T IH1 T T UW1 P AA1 M AO1 F OW2 K EY1
41,./utterance_data/speaker_L/042.wav,Go to lobby take nursing_bottle put it on Bar please .,go to Lobby take a nursing photo put it on par please,G OW1 T UW1 L AA1 B IY0 T EY1 K AH0 N ER1 S IH0 NG F OW1 T OW2 P UH1 T IH1 T AA1 N P AA1 R P L IY1 Z,gold will be taken missing bullet hole put it on a piece,G OW1 L D W IH1 L B IY1 T EY1 K AH0 N M IH1 S IH0 NG B UH1 L AH0 T HH OW1 L P UH1 T IH1 T AA1 N AH0 P IY1 S
42,./utterance_data/speaker_L/043.wav,Call a person then ask for an order get cubic_clock from Bar .,call the person then ask for older cat cubic clock from bar,K AO1 L DH AH0 P ER1 S AH0 N DH EH1 N AE1 S K F AO1 R OW1 L D ER0 K AE1 T K Y UW1 B IH0 K K L AA1 K F R AH1 M B AA1 R,call a person again let's go for a quarter get to the culture from la,K AO1 L AH0 P ER1 S AH0 N AH0 G EH1 N L EH1 T S G OW1 F AO1 R AH0 K W AO1 R T ER0 G EH1 T T UW1 DH AH0 K AH1 L CH ER0 F R AH1 M L AA1
43,./utterance_data/speaker_L/044.wav,Go to Corridor get Red_Tea throw it into Dustbin please .,go to Koreatown get DIRECTV through 18 to Dustbin please,G OW1 T UW1 K ER0 IY1 AH0 T AW2 N G EH1 T D ER0 EH1 K T IY1 V IY1 TH R UW1 W AH1 N EY1 T T UW1 D AH1 S T B IH0 N P L IY1 Z,go to court all jacques chirac he threw a team to pass the indians,G OW1 T UW1 K AO1 R T AO1 L ZH AA1 K SH IH0 R AE1 K HH IY1 TH R UW1 AH0 T IY1 M T UW1 P AE1 S DH AH0 IH1 N D IY0 AH0 N Z
44,./utterance_data/speaker_L/045.wav,Go to Kitchen_Room  go to Dining_Sofa er leave the apartment .,Uncle to Kitchen you go to dining sofa are they Apartments,AH1 NG K AH0 L T UW1 K IH1 CH AH0 N Y UW1 G OW1 T UW1 D AY1 N IH0 NG S OW1 F AH0 AA1 R DH EY1 AH0 P AA1 R T M AH0 N T S,i'm going to keep soon go to bed until fall here in the big apartment,AY1 M G OW1 IH0 NG T UW1 K IY1 P S UW1 N G OW1 T UW1 B EH1 D AH0 N T IH1 L F AO1 L HH IY1 R IH0 N DH AH0 B IH1 G AH0 P AA1 R T M AH0 N T
45,./utterance_data/speaker_L/046.wav,Go to Side_Table find a person neayby  er follow a person .,go to side table find a person nearby airport of a person,G OW1 T UW1 S AY1 D T EY1 B AH0 L F AY1 N D AH0 P ER1 S AH0 N N IH1 R B AY1 EH1 R P AO2 R T AH1 V AH0 P ER1 S AH0 N,go to side people signed up towards the nearby here for low prices,G OW1 T UW1 S AY1 D P IY1 P AH0 L S AY1 N D AH1 P T AH0 W AO1 R D Z DH AH0 N IH1 R B AY1 HH IY1 R F AO1 R L OW1 P R AY1 S AH0 Z
46,./utterance_data/speaker_L/047.wav,Move to Kitchen_Table  go to Living_Sofa then exit the apartment .,move to kitchen table goes to living sofa then exit the apartment,M UW1 V T UW1 K IH1 CH AH0 N T EY1 B AH0 L G OW1 Z T UW1 L IH1 V IH0 NG S OW1 F AH0 DH EH1 N EH1 G Z IH0 T DH AH0 AH0 P AA1 R T M AH0 N T,into teaching people go to that thing so far been a visit to the apartment,IH1 N T UW0 T IY1 CH IH0 NG P IY1 P AH0 L G OW1 T UW1 DH AE1 T TH IH1 NG S OW1 F AA1 R B IH1 N AH0 V IH1 Z IH0 T T UW1 DH AH0 AH0 P AA1 R T M AH0 N T
47,./utterance_data/speaker_L/048.wav,Go to Living_Sofa  take filled_ketchup put it on Kitchen_Table okay .,go to lighting sofa take food ketchup put it on kitchen table okay,G OW1 T UW1 L AY1 T IH0 NG S OW1 F AH0 T EY1 K F UW1 D K EH1 CH AH0 P P UH1 T IH1 T AA1 N K IH1 CH AH0 N T EY1 B AH0 L OW2 K EY1,go to letting full flow takes to catch up put it on teaching people will take,G OW1 T UW1 L EH1 T IH0 NG F UH1 L F L OW1 T EY1 K S T UW1 K AE1 CH AH1 P P UH1 T IH1 T AA1 N T IY1 CH IH0 NG P IY1 P AH0 L W IH1 L T EY1 K
48,./utterance_data/speaker_L/049.wav,Can you move to Kitchen_Table get rabbit_doll then come back .,can you move to kitchen table catch a rabbit or then come back,K AE1 N Y UW1 M UW1 V T UW1 K IH1 CH AH0 N T EY1 B AH0 L K AE1 CH AH0 R AE1 B AH0 T AO1 R DH EH1 N K AH1 M B AE1 K,can you move to teaching people get to that the goal then come back,K AE1 N Y UW1 M UW1 V T UW1 T IY1 CH IH0 NG P IY1 P AH0 L G EH1 T T UW1 DH AE1 T DH AH0 G OW1 L DH EH1 N K AH1 M B AE1 K
49,./utterance_data/speaker_L/050.wav,Well get toy_car from Sofa go to bed_room move to Living_Table .,will a toy car from so far go to bathroom Bluetooth even table,W IH1 L AH0 T OY1 K AA1 R F R AH1 M S OW1 F AA1 R G OW1 T UW1 B AE1 TH R UW2 M B L UW1 T UW2 TH IY1 V IH0 N T EY1 B AH0 L,do you actually conference will fall go to america back to the mood today the table,D UW1 Y UW1 AE1 K CH UW2 AH0 L IY0 K AA1 N F ER0 AH0 N S W IH1 L F AO1 L G OW1 T UW1 AH0 M EH1 R AH0 K AH0 B AE1 K T UW1 DH AH0 M UW1 D T AH0 D EY1 DH AH0 T EY1 B AH0 L
50,./utterance_data/speaker_L/051.wav,Go to Side_Table next detect toy_duck  take it .,go to side table next detective toy duck ticket,G OW1 T UW1 S AY1 D T EY1 B AH0 L N EH1 K S T D IH0 T EH1 K T IH0 V T OY1 D AH1 K T IH1 K AH0 T,go to start people next week at that point doc the gate,G OW1 T UW1 S T AA1 R T P IY1 P AH0 L N EH1 K S T W IY1 K AE1 T DH AE1 T P OY1 N T D AA1 K DH AH0 G EY1 T
51,./utterance_data/speaker_L/052.wav,Go to Visitor_Room get toy_penguin throw it into Dustbin please .,go to Wichita Room guitar pending through 18 to 13 please,G OW1 T UW1 W IH1 CH AH0 T AO2 R UW1 M G IH0 T AA1 R P EH1 N D IH0 NG TH R UW1 W AH1 N EY1 T T UW1 W AH1 N TH R IY1 P L IY1 Z,good to receive the room back what can be done through eighteen to that being the aids,G UH1 D T UW1 R AH0 S IY1 V DH AH0 R UW1 M B AE1 K W AH1 T K AE1 N B IY1 D AH1 N TH R UW1 EY0 T IY1 N T UW1 DH AE1 T B IY1 IH0 NG DH AH0 EY1 D Z
52,./utterance_data/speaker_L/053.wav,Would you move to Dining_Sofa get hourglass bring it to Side_Table .,would you move to dining sofa get a hourglass bring it to side table,W UH1 D Y UW1 M UW1 V T UW1 D AY1 N IH0 NG S OW1 F AH0 G EH1 T AH0 AW1 ER0 G L AE2 S B R IH1 NG IH1 T T UW1 S AY1 D T EY1 B AH0 L,which you would too thankful for that congress bring it to psych people,W IH1 CH Y UW1 W UH1 D T UW1 TH AE1 NG K F AH0 L F AO1 R DH AE1 T K AA1 NG G R AH0 S B R IH1 NG IH1 T T UW1 S AY1 K P IY1 P AH0 L
53,./utterance_data/speaker_L/054.wav,Would you move to Bar Grasp rubik's_cube and come back .,resume YouTube our grasp aerobics with q and come back,R IH0 Z UW1 M Y UW1 T Y UW2 B AW1 ER0 G R AE1 S P ER0 OW1 B IH0 K S W IH1 DH K Y UW1 AH0 N D K AH1 M B AE1 K,we soon to bar gospel rap dixon pew and come back,W IY1 S UW1 N T UW1 B AA1 R G AA1 S P AH0 L R AE1 P D IH1 K S AH0 N P Y UW1 AH0 N D K AH1 M B AE1 K
54,./utterance_data/speaker_L/055.wav,Go to Kitchen_Room Grasp camera throw it into Dustbin please .,go to Kitchen room rust camera through 18 to Dustbin please,G OW1 T UW1 K IH1 CH AH0 N R UW1 M R AH1 S T K AE1 M ER0 AH0 TH R UW1 W AH1 N EY1 T T UW1 D AH1 S T B IH0 N P L IY1 Z,go to the tune it crossed have room at to leading to the ox being peace,G OW1 T UW1 DH AH0 T UW1 N IH1 T K R AO1 S T HH AE1 V R UW1 M AE1 T T UW1 L IY1 D IH0 NG T UW1 DH AH0 AA1 K S B IY1 IH0 NG P IY1 S
55,./utterance_data/speaker_L/056.wav,Would you go to Sofa take Chip_Star er come back .,would you go to sofa take cheap star here comes back,W UH1 D Y UW1 G OW1 T UW1 S OW1 F AH0 T EY1 K CH IY1 P S T AA1 R HH IY1 R K AH1 M Z B AE1 K,would you go to so far take the cheapest are here i come back,W UH1 D Y UW1 G OW1 T UW1 S OW1 F AA1 R T EY1 K DH AH0 CH IY1 P AH0 S T AA1 R HH IY1 R AY1 K AH1 M B AE1 K
56,./utterance_data/speaker_L/057.wav,Go to Visitor_Room next find apple Grasp it .,would you go to sofa take cheap star in contacts,W UH1 D Y UW1 G OW1 T UW1 S OW1 F AH0 T EY1 K CH IY1 P S T AA1 R IH0 N K AA1 N T AE2 K T S,and you go to school slow take cheeks down here and come back,AH0 N D Y UW1 G OW1 T UW1 S K UW1 L S L OW1 T EY1 K CH IY1 K S D AW1 N HH IY1 R AH0 N D K AH1 M B AE1 K
57,./utterance_data/speaker_L/058.wav,Well go to Kitchen_Table  take dog_doll finally come back .,go to Vista room next Sunday April 8th,G OW1 T UW1 V IH1 S T AH0 R UW1 M N EH1 K S T S AH1 N D EY2 EY1 P R AH0 L EY1 T T IY1 EY1 CH,good to be strewn next fund a full grasp of it,G UH1 D T UW1 B IY1 S T R UW1 N N EH1 K S T F AH1 N D AH0 F UH1 L G R AE1 S P AH1 V IH1 T
58,./utterance_data/speaker_L/059.wav,Would you go to Kitchen_Table  take rubik's_cube  bring it to Dining_Table .,will go to kitchen table take doctor I need a comeback,W IH1 L G OW1 T UW1 K IH1 CH AH0 N T EY1 B AH0 L T EY1 K D AA1 K T ER0 AY1 N IY1 D AH0 K AH1 M B AE2 K,we'll go to teaching people to take that although find the convent,W IY1 L G OW1 T UW1 T IY1 CH IH0 NG P IY1 P AH0 L T UW1 T EY1 K DH AE1 T AO2 L DH OW1 F AY1 N D DH AH0 K AA1 N V AH0 N T
59,./utterance_data/speaker_L/060.wav,Well move to Living_Sofa get empty_plastic_bottle and come back .,will go to lighting sofa catch up Chief plastic bottle and come back,W IH1 L G OW1 T UW1 L AY1 T IH0 NG S OW1 F AH0 K AE1 CH AH1 P CH IY1 F P L AE1 S T IH0 K B AA1 T AH0 L AH0 N D K AH1 M B AE1 K,we'll go to that in so far it yet and she just she pulled low and come back,W IY1 L G OW1 T UW1 DH AE1 T IH0 N S OW1 F AA1 R IH1 T Y EH1 T AH0 N D SH IY1 JH AH1 S T SH IY1 P UH1 L D L OW1 AH0 N D K AH1 M B AE1 K
60,./utterance_data/speaker_L/061.wav,Go to Kitchen_Table find a person neayby  er follow a person .,go to kitchen table so I can a person nearby air photo of person,G OW1 T UW1 K IH1 CH AH0 N T EY1 B AH0 L S OW1 AY1 K AE1 N AH0 P ER1 S AH0 N N IH1 R B AY1 EH1 R F OW1 T OW2 AH1 V P ER1 S AH0 N,go to kitchen table for a good person nearby here for low cost him,G OW1 T UW1 K IH1 CH AH0 N T EY1 B AH0 L F AO1 R AH0 G UH1 D P ER1 S AH0 N N IH1 R B AY1 HH IY1 R F AO1 R L OW1 K AA1 S T HH IH1 M
61,./utterance_data/speaker_L/062.wav,Go to Living_Room get Blue_Potato throw it into Dustbin please .,go to living room got to do a potato threw it into the Dustbin place,G OW1 T UW1 L IH1 V IH0 NG R UW1 M G AA1 T T UW1 D UW1 AH0 P AH0 T EY1 T OW2 TH R UW1 IH1 T IH1 N T UW0 DH AH0 D AH1 S T B IH0 N P L EY1 S,good to have an and get 'em you a political surrogates into these nasty piece,G UH1 D T UW1 HH AE1 V AE1 N AH0 N D G EH1 T AH0 M Y UW1 AH0 P AH0 L IH1 T AH0 K AH0 L S ER1 AH0 G AH0 T S IH1 N T UW0 DH IY1 Z N AE1 S T IY0 P IY1 S
62,./utterance_data/speaker_L/063.wav,Can you go to kitchen Grasp bear_doll  bring it to Living_Table .,Caillou go to teaching grass beardo bring it to the living table,S IY1 AH0 AY1 EH1 L EH1 L OW1 Y UW1 G OW1 T UW1 T IY1 CH IH0 NG G R AE1 S B IY1 IY1 AH0 AA1 R D IY1 OW1 B R IH1 NG IH1 T T UW1 DH AH0 L IH1 V IH0 NG T EY1 B AH0 L,can you go to teaching hospital bring it to the people,K AE1 N Y UW1 G OW1 T UW1 T IY1 CH IH0 NG HH AA1 S P IH2 T AH0 L B R IH1 NG IH1 T T UW1 DH AH0 P IY1 P AH0 L
63,./utterance_data/speaker_L/064.wav,Would you go to lobby Grasp pink_cup finally come back .,would you go to low be in cop find a comeback,W UH1 D Y UW1 G OW1 T UW1 L OW1 B IY1 IH0 N K AA1 P F AY1 N D AH0 K AH1 M B AE2 K,it would you go to lull the rascal he copped let me come back,IH1 T W UH1 D Y UW1 G OW1 T UW1 L AH1 L DH AH0 R AE1 S K AH0 L HH IY1 K AA1 P T L EH1 T M IY1 K AH1 M B AE1 K
64,./utterance_data/speaker_L/065.wav,Move to Dining_Table  Grasp hourglass  leave the apartment please .,move to dining table grass for hourglass leave the apartment place,M UW1 V T UW1 D AY1 N IH0 NG T EY1 B AH0 L G R AE1 S F AO1 R AW1 ER0 G L AE2 S L IY1 V DH AH0 AH0 P AA1 R T M AH0 N T P L EY1 S,move to dining table crossbow focus the important piece,M UW1 V T UW1 D AY1 N IH0 NG T EY1 B AH0 L K R AO1 S B OW2 F OW1 K AH0 S DH AH0 IH2 M P AO1 R T AH0 N T P IY1 S
65,./utterance_data/speaker_L/066.wav,Would you go to Dining_Sofa get Cloth_Cleaner carry it to Living_Table .,would you go to dining sofa got clothes cleaner Carriage to Lyman table,W UH1 D Y UW1 G OW1 T UW1 D AY1 N IH0 NG S OW1 F AH0 G AA1 T K L OW1 DH Z K L IY1 N ER0 K AE1 R IH0 JH T UW1 L AY1 M AH0 N T EY1 B AH0 L,would you go to that painful for jack move could either we can meet to letting people,W UH1 D Y UW1 G OW1 T UW1 DH AE1 T P EY1 N F AH0 L F AO1 R JH AE1 K M UW1 V K UH1 D IY1 DH ER0 W IY1 K AE1 N M IY1 T T UW1 L EH1 T IH0 NG P IY1 P AH0 L
66,./utterance_data/speaker_L/067.wav,Go to Visitor_Room next find toy_car take it .,go to visit her room next fun toy car tickets,G OW1 T UW1 V IH1 Z IH0 T HH ER1 R UW1 M N EH1 K S T F AH1 N T OY1 K AA1 R T IH1 K AH0 T S,go to receive her room next five point car to kate,G OW1 T UW1 R AH0 S IY1 V HH ER1 R UW1 M N EH1 K S T F AY1 V P OY1 N T K AA1 R T UW1 K EY1 T
67,./utterance_data/speaker_L/068.wav,Go to Dining_Room  go to Side_Table then exit the apartment .,go to dining room table then exhibit their Apartments,G OW1 T UW1 D AY1 N IH0 NG R UW1 M T EY1 B AH0 L DH EH1 N IH0 G Z IH1 B IH0 T DH EH1 R AH0 P AA1 R T M AH0 N T S,go to dining room go to side people then he conveyed to the apartment,G OW1 T UW1 D AY1 N IH0 NG R UW1 M G OW1 T UW1 S AY1 D P IY1 P AH0 L DH EH1 N HH IY1 K AH0 N V EY1 D T UW1 DH AH0 AH0 P AA1 R T M AH0 N T
68,./utterance_data/speaker_L/069.wav,Go to Dining_Room go to Living_Table  and exit from Visitor_Room .,go to dining room go to Dearing table and exit from Wichita room,G OW1 T UW1 D AY1 N IH0 NG R UW1 M G OW1 T UW1 D IH1 R IH0 NG T EY1 B AH0 L AH0 N D EH1 G Z IH0 T F R AH1 M W IH1 CH AH0 T AO2 R UW1 M,go to the dining room go to a beating people and they get it from week to rule,G OW1 T UW1 DH AH0 D AY1 N IH0 NG R UW1 M G OW1 T UW1 AH0 B IY1 T IH0 NG P IY1 P AH0 L AH0 N D DH EY1 G EH1 T IH1 T F R AH1 M W IY1 K T UW1 R UW1 L
69,./utterance_data/speaker_L/070.wav,Go to Dining_Sofa find a person neayby  er follow a person .,go to dining sofa Faneuil person year by year photo of a person,G OW1 T UW1 D AY1 N IH0 NG S OW1 F AH0 F AE1 N Y UW0 IH0 L P ER1 S AH0 N Y IH1 R B AY1 Y IH1 R F OW1 T OW2 AH1 V AH0 P ER1 S AH0 N,go to dining fools fall fund of course the nearby here for the person,G OW1 T UW1 D AY1 N IH0 NG F UW1 L Z F AO1 L F AH1 N D AH1 V K AO1 R S DH AH0 N IH1 R B AY1 HH IY1 R F AO1 R DH AH0 P ER1 S AH0 N
70,./utterance_data/speaker_L/071.wav,Call a person then ask for an order get Cloth_Cleaner from Dining_Table .,call person then ask her for older got clothes cleaner from dining table,K AO1 L P ER1 S AH0 N DH EH1 N AE1 S K HH ER1 F AO1 R OW1 L D ER0 G AA1 T K L OW1 DH Z K L IY1 N ER0 F R AH1 M D AY1 N IH0 NG T EY1 B AH0 L,congress thing then stossel for older get cold feet neither from ben people,K AA1 NG G R AH0 S TH IH1 NG DH EH1 N S T AA1 S AH0 L F AO1 R OW1 L D ER0 G EH1 T K OW1 L D F IY1 T N IY1 DH ER0 F R AH1 M B EH1 N P IY1 P AH0 L
71,./utterance_data/speaker_L/072.wav,Go to Bar  take spray_bottle put it on Dining_Sofa okay .,go to bar take asprey photo footage on dining Sulphur okay,G OW1 T UW1 B AA1 R T EY1 K AH0 EH1 S P IY1 AA1 R IY1 W AY1 F OW1 T OW2 F UH1 T IH0 JH AA1 N D AY1 N IH0 NG S AH1 L F ER0 OW2 K EY1,gold who are take us please pull pull put its hung benningfield thought okay,G OW1 L D HH UW1 AA1 R T EY1 K AH1 S P L IY1 Z P UH1 L P UH1 L P UH1 T IH1 T S HH AH1 NG B EH1 N IH0 NG F IY0 L D TH AO1 T OW2 K EY1
72,./utterance_data/speaker_L/073.wav,Move to Living_Table  Grasp sauce  leave the apartment please .,leaving table raspa Source leave the apartment please,L IY1 V IH0 NG T EY1 B AH0 L AA1 R AH0 EH1 S P IY1 AH0 S AO1 R S L IY1 V DH AH0 AH0 P AA1 R T M AH0 N T P L IY1 Z,move to that meeting people crossed souls mean they apartment he,M UW1 V T UW1 DH AE1 T M IY1 T IH0 NG P IY1 P AH0 L K R AO1 S T S OW1 L Z M IY1 N DH EY1 AH0 P AA1 R T M AH0 N T HH IY1
73,./utterance_data/speaker_L/074.wav,Go to kitchen  move to Kitchen_Table  finally leave the apartment .,go to kitchen food to kitchen table find any Riverdale Apartments,G OW1 T UW1 K IH1 CH AH0 N F UW1 D T UW1 K IH1 CH AH0 N T EY1 B AH0 L F AY1 N D EH1 N IY0 R IH1 V ER0 D EY2 L AH0 P AA1 R T M AH0 N T S,go to a key tuned into kitchen table finally the u. the apartment,G OW1 T UW1 AH0 K IY1 T UW1 N D IH1 N T UW0 K IH1 CH AH0 N T EY1 B AH0 L F AY1 N AH0 L IY0 DH AH0 Y UW1 DH AH0 AH0 P AA1 R T M AH0 N T
74,./utterance_data/speaker_L/075.wav,Go to Dining_Sofa and find a person neayby bring dog_doll from Living_Table .,go to dining sofa and final person nearby bring doctor from leaving table,G OW1 T UW1 D AY1 N IH0 NG S OW1 F AH0 AH0 N D F AY1 N AH0 L P ER1 S AH0 N N IH1 R B AY1 B R IH1 NG D AA1 K T ER0 F R AH1 M L IY1 V IH0 NG T EY1 B AH0 L,go to that needful flow and find the person here by green book go from being people,G OW1 T UW1 DH AE1 T N IY1 D F AH0 L F L OW1 AH0 N D F AY1 N D DH AH0 P ER1 S AH0 N HH IY1 R B AY1 G R IY1 N B UH1 K G OW1 F R AH1 M B IY1 IH0 NG P IY1 P AH0 L
75,./utterance_data/speaker_L/076.wav,Would you go to Sofa get Lemon_Tea carry it to Dining_Table .,would you go to sofa get a diamond T carrot to dining table,W UH1 D Y UW1 G OW1 T UW1 S OW1 F AH0 G EH1 T AH0 D AY1 M AH0 N D T IY1 K AE1 R AH0 T T UW1 D AY1 N IH0 NG T EY1 B AH0 L,would you go to so far get to them and he carried to the dining table,W UH1 D Y UW1 G OW1 T UW1 S OW1 F AA1 R G EH1 T T UW1 DH EH1 M AH0 N D HH IY1 K AE1 R IY0 D T UW1 DH AH0 D AY1 N IH0 NG T EY1 B AH0 L
76,./utterance_data/speaker_L/077.wav,Go to Kitchen_Room  find a person neayby  finally follow a person .,go to Kitchen room Fender precision nearby so I need a photo of a person,G OW1 T UW1 K IH1 CH AH0 N R UW1 M F EH1 N D ER0 P R IY0 S IH1 ZH AH0 N N IH1 R B AY1 S OW1 AY1 N IY1 D AH0 F OW1 T OW2 AH1 V AH0 P ER1 S AH0 N,go to keep june found the person you're buying foreign aid for local person,G OW1 T UW1 K IY1 P JH UW1 N F AW1 N D DH AH0 P ER1 S AH0 N Y UH1 R B AY1 IH0 NG F AO1 R AH0 N EY1 D F AO1 R L OW1 K AH0 L P ER1 S AH0 N
77,./utterance_data/speaker_L/078.wav,Go to kitchen  find a person neayby  finally follow a person .,go to Kitchen Thunder person nearby find a follower person,G OW1 T UW1 K IH1 CH AH0 N TH AH1 N D ER0 P ER1 S AH0 N N IH1 R B AY1 F AY1 N D AH0 F AA1 L OW0 ER0 P ER1 S AH0 N,go to kiichi found the person you're buying foreign aid for low prices,G OW1 T UW1 K IY0 IY1 CH IY0 F AW1 N D DH AH0 P ER1 S AH0 N Y UH1 R B AY1 IH0 NG F AO1 R AH0 N EY1 D F AO1 R L OW1 P R AY1 S AH0 Z
78,./utterance_data/speaker_L/079.wav,Go to Dining_Room er find a person neayby bring camera from Dining_Table .,go to dining room are there person nearby bring camera from dining table,G OW1 T UW1 D AY1 N IH0 NG R UW1 M AA1 R DH EH1 R P ER1 S AH0 N N IH1 R B AY1 B R IH1 NG K AE1 M ER0 AH0 F R AH1 M D AY1 N IH0 NG T EY1 B AH0 L,go to a dining room here so the person you buy a green camera from bennington evil,G OW1 T UW1 AH0 D AY1 N IH0 NG R UW1 M HH IY1 R S OW1 DH AH0 P ER1 S AH0 N Y UW1 B AY1 AH0 G R IY1 N K AE1 M ER0 AH0 F R AH1 M B EH1 N IH0 NG T AH0 N IY1 V AH0 L
79,./utterance_data/speaker_L/080.wav,Go to Visitor_Room Grasp nursing_bottle throw it into Dustbin please .,go to visitor room Crossville nursing bottle through 18 to. Bean paste,G OW1 T UW1 V IH1 Z IH0 T ER0 R UW1 M K R AA1 S V IH0 L N ER1 S IH0 NG B AA1 T AH0 L TH R UW1 W AH1 N EY1 T T IY1 OW1 B IY1 N P EY1 S T,what will we see the moon crossed in a single goal throat eighteen to death being the,W AH1 T W IH1 L W IY1 S IY1 DH AH0 M UW1 N K R AO1 S T IH0 N AH0 S IH1 NG G AH0 L G OW1 L TH R OW1 T EY0 T IY1 N T UW1 D EH1 TH B IY1 IH0 NG DH AH0
80,./utterance_data/speaker_L/081.wav,Go to Living_Room next find Lemon_Tea take it .,go to the living room next Funland monkey tickets,G OW1 T UW1 DH AH0 L IH1 V IH0 NG R UW1 M N EH1 K S T EH1 F Y UW1 EH1 N EH1 L AH0 EH1 N D IY1 M AH1 NG K IY0 T IH1 K AH0 T S,good good evening room next fun than the ticket,G UH1 D G UH1 D IY1 V N IH0 NG R UW1 M N EH1 K S T F AH1 N DH AE1 N DH AH0 T IH1 K AH0 T
81,./utterance_data/speaker_L/082.wav,Go to Dining_Sofa take Red_Potato  leave the apartment please .,go to dining sofa take a red potato leave the apartment please,G OW1 T UW1 D AY1 N IH0 NG S OW1 F AH0 T EY1 K AH0 R EH1 D P AH0 T EY1 T OW2 L IY1 V DH AH0 AH0 P AA1 R T M AH0 N T P L IY1 Z,good kind flo flo take to get a couple the day apartment he,G UH1 D K AY1 N D F L OW1 F L OW1 T EY1 K T UW1 G EH1 T AH0 K AH1 P AH0 L DH AH0 D EY1 AH0 P AA1 R T M AH0 N T HH IY1
82,./utterance_data/speaker_L/083.wav,Would you go to Bar  take Red_Potato  bring it to Dining_Table .,would you go to bar take a dried potato bring it to dining table,W UH1 D Y UW1 G OW1 T UW1 B AA1 R T EY1 K AH0 D R AY1 D P AH0 T EY1 T OW2 B R IH1 NG IH1 T T UW1 D AY1 N IH0 NG T EY1 B AH0 L,would you go to our taken that that'll bring it to bending people,W UH1 D Y UW1 G OW1 T UW1 AW1 ER0 T EY1 K AH0 N DH AE1 T DH AE1 T AH0 L B R IH1 NG IH1 T T UW1 B EH1 N D IH0 NG P IY1 P AH0 L
83,./utterance_data/speaker_L/084.wav,Well move to Reception_Table Grasp Japanese_Dressing then come back .,will Moto reception table cloths with the rising then come back,W IH1 L M OW1 T OW0 R IH0 S EH1 P SH AH0 N T EY1 B AH0 L K L AO1 TH S W IH1 DH DH AH0 R AY1 Z IH0 NG DH EH1 N K AH1 M B AE1 K,we'll go to reception people gross would get into the red sea and then come back,W IY1 L G OW1 T UW1 R IH0 S EH1 P SH AH0 N P IY1 P AH0 L G R OW1 S W UH1 D G EH1 T IH1 N T UW0 DH AH0 R EH1 D S IY1 AH0 N D DH EH1 N K AH1 M B AE1 K
84,./utterance_data/speaker_L/085.wav,Would you go to lobby Grasp toy_penguin finally come back .,would you go to Lobby grass with pipe hanging finally come back,W UH1 D Y UW1 G OW1 T UW1 L AA1 B IY0 G R AE1 S W IH1 DH P AY1 P HH AE1 NG IH0 NG F AY1 N AH0 L IY0 K AH1 M B AE1 K,would you go to a multi grasp the port engine's firing and come back,W UH1 D Y UW1 G OW1 T UW1 AH0 M AH1 L T IY0 G R AE1 S P DH AH0 P AO1 R T EH1 N JH AH0 N Z F AY1 R IH0 NG AH0 N D K AH1 M B AE1 K
85,./utterance_data/speaker_L/086.wav,Go to lobby er find a person neayby bring cubic_clock from Sofa .,go to Lobby are Fender precision nearby bring a cubic clock from sofa,G OW1 T UW1 L AA1 B IY0 AA1 R F EH1 N D ER0 P R IY0 S IH1 ZH AH0 N N IH1 R B AY1 B R IH1 NG AH0 K Y UW1 B IH0 K K L AA1 K F R AH1 M S OW1 F AH0,good will be hearing from the press in nearby green to be coke from so far,G UH1 D W IH1 L B IY1 HH IY1 R IH0 NG F R AH1 M DH AH0 P R EH1 S IH0 N N IH1 R B AY1 G R IY1 N T UW1 B IY1 K OW1 K F R AH1 M S OW1 F AA1 R
86,./utterance_data/speaker_L/087.wav,Well get Egg_Soup from Sofa go to Visitor_Room move to Dining_Table .,will get EX soup from sofa go to visitor room to dining table,W IH1 L G EH1 T EH1 K S S UW1 P F R AH1 M S OW1 F AH0 G OW1 T UW1 V IH1 Z IH0 T ER0 R UW1 M T UW1 D AY1 N IH0 NG T EY1 B AH0 L,you get to hacks who've from so far go to it suddenly being too that the people,Y UW1 G EH1 T T UW1 HH AE1 K S HH UW0 V F R AH1 M S OW1 F AA1 R G OW1 T UW1 IH1 T S AH1 D AH0 N L IY0 B IY1 IH0 NG T UW1 DH AE1 T DH AH0 P IY1 P AH0 L
87,./utterance_data/speaker_L/088.wav,Move to Dining_Table  go to Sofa then exit the apartment .,motor dining table go to sofa then exited the apartments,M OW1 T ER0 D AY1 N IH0 NG T EY1 B AH0 L G OW1 T UW1 S OW1 F AH0 DH EH1 N EH1 G Z AH0 T IH0 D DH AH0 AH0 P AA1 R T M AH0 N T S,move to the dining table go to so far then the states in the apartment,M UW1 V T UW1 DH AH0 D AY1 N IH0 NG T EY1 B AH0 L G OW1 T UW1 S OW1 F AA1 R DH EH1 N DH AH0 S T EY1 T S IH0 N DH AH0 AH0 P AA1 R T M AH0 N T
88,./utterance_data/speaker_L/089.wav,Move to Living_Table get salt place it on Bar okay .,Mutu leaving table got sold please a tongue Park okay,EH1 M Y UW1 T IY1 Y UW1 L IY1 V IH0 NG T EY1 B AH0 L G AA1 T S OW1 L D P L IY1 Z AH0 T AH1 NG P AA1 R K OW2 K EY1,move to the people capsules peace it's a punk rock okay,M UW1 V T UW1 DH AH0 P IY1 P AH0 L K AE1 P S AH0 L Z P IY1 S IH1 T S AH0 P AH1 NG K R AA1 K OW2 K EY1
89,./utterance_data/speaker_L/090.wav,Go to Visitor_Room next find Strawberry_Juice take it .,go to visitor room next to fun strawberry juice tickets,G OW1 T UW1 V IH1 Z IH0 T ER0 R UW1 M N EH1 K S T T UW1 F AH1 N S T R AO1 B EH2 R IY0 JH UW1 S T IH1 K AH0 T S,go to the tune next offense strawberry juice the cage,G OW1 T UW1 DH AH0 T UW1 N N EH1 K S T AH0 F EH1 N S S T R AO1 B EH2 R IY0 JH UW1 S DH AH0 K EY1 JH
90,./utterance_data/speaker_L/091.wav,Go to Corridor take toy_duck put it on Reception_Table please .,go to Corridor take play duck-footed to our reception play table please,G OW1 T UW1 K AO1 R AH0 D ER0 T EY1 K P L EY1 D IY1 Y UW1 S IY1 K EY1 EH1 F OW1 OW1 T IY1 IY1 D IY1 T UW1 AW1 ER0 R IH0 S EH1 P SH AH0 N P L EY1 T EY1 B AH0 L P L IY1 Z,we'll go to court it'll take a ploy doc put it on reception the people feats,W IY1 L G OW1 T UW1 K AO1 R T IH1 T AH0 L T EY1 K AH0 P L OY1 D AA1 K P UH1 T IH1 T AA1 N R IH0 S EH1 P SH AH0 N DH AH0 P IY1 P AH0 L F IY1 T S
91,./utterance_data/speaker_L/092.wav,Well go to Dining_Sofa  take Cup_Noodle finally come back .,we'll go to dining sofa take cup noodle finally come back,W IY1 L G OW1 T UW1 D AY1 N IH0 NG S OW1 F AH0 T EY1 K K AH1 P N UW1 D AH0 L F AY1 N AH0 L IY0 K AH1 M B AE1 K,we'll go to ben soulful teikoku till finally come back,W IY1 L G OW1 T UW1 B EH1 N S OW1 L F AH0 L T EY2 K OW1 K UW2 T IH1 L F AY1 N AH0 L IY0 K AH1 M B AE1 K
92,./utterance_data/speaker_L/093.wav,Go to kitchen  go to Living_Sofa er leave the apartment .,go to Kitchen go to living sofa are they Apartments,G OW1 T UW1 K IH1 CH AH0 N G OW1 T UW1 L IH1 V IH0 NG S OW1 F AH0 AA1 R DH EY1 AH0 P AA1 R T M AH0 N T S,go to teaching go to setting so far he is the the apartment,G OW1 T UW1 T IY1 CH IH0 NG G OW1 T UW1 S EH1 T IH0 NG S OW1 F AA1 R HH IY1 IH1 Z DH AH0 DH AH0 AH0 P AA1 R T M AH0 N T
93,./utterance_data/speaker_L/094.wav,Go to lobby get empty_plastic_bottle throw it into Dustbin please .,go to Lobby get empty plastic bottle through 18 to. Bean please,G OW1 T UW1 L AA1 B IY0 G EH1 T EH1 M P T IY0 P L AE1 S T IH0 K B AA1 T AH0 L TH R UW1 W AH1 N EY1 T T IY1 OW1 B IY1 N P L IY1 Z,gold will be get and keep us cheek old who strode eighteen to that being peace,G OW1 L D W IH1 L B IY1 G EH1 T AH0 N D K IY1 P AH1 S CH IY1 K OW1 L D HH UW1 S T R OW1 D EY0 T IY1 N T UW1 DH AE1 T B IY1 IH0 NG P IY1 S
94,./utterance_data/speaker_L/095.wav,Would you go to lobby Grasp soysauce er come back .,would you go to Lobby grasp soy sauce are compact,W UH1 D Y UW1 G OW1 T UW1 L AA1 B IY0 G R AE1 S P S OY1 S AO1 S AA1 R K AA1 M P AE0 K T,would you go to a multi cross soy souls he'd come back,W UH1 D Y UW1 G OW1 T UW1 AH0 M AH1 L T IY0 K R AO1 S S OY1 S OW1 L Z HH IY1 D K AH1 M B AE1 K
95,./utterance_data/speaker_L/096.wav,Go to Kitchen_Room get twin_bell_alarm_clock throw it into Dustbin please .,go to Kitchen room got chain belt alarm clock through 18 to Dustbin please,G OW1 T UW1 K IH1 CH AH0 N R UW1 M G AA1 T CH EY1 N B EH1 L T AH0 L AA1 R M K L AA1 K TH R UW1 W AH1 N EY1 T T UW1 D AH1 S T B IH0 N P L IY1 Z,good to teaching room that chain day old and i'm a cloak survey team to death in peace,G UH1 D T UW1 T IY1 CH IH0 NG R UW1 M DH AE1 T CH EY1 N D EY1 OW1 L D AH0 N D AY1 M AH0 K L OW1 K S ER0 V EY1 T IY1 M T UW1 D EH1 TH IH0 N P IY1 S
96,./utterance_data/speaker_L/097.wav,Well go to Kitchen_Table  take Brown_Tea  bring it to Dining_Sofa .,they'll go to kitchen table take raunchy bring it to dining sofa,DH EY1 L G OW1 T UW1 K IH1 CH AH0 N T EY1 B AH0 L T EY1 K R AO1 N CH IY0 B R IH1 NG IH1 T T UW1 D AY1 N IH0 NG S OW1 F AH0,they'll go to kitchen table take rights she brings it to die and thoughtful,DH EY1 L G OW1 T UW1 K IH1 CH AH0 N T EY1 B AH0 L T EY1 K R AY1 T S SH IY1 B R IH1 NG Z IH1 T T UW1 D AY1 AH0 N D TH AO1 T F AH0 L
97,./utterance_data/speaker_L/098.wav,Go to lobby  go to Reception_Table er leave the apartment .,go to Lobby go to reception table here leave the apartment,G OW1 T UW1 L AA1 B IY0 G OW1 T UW1 R IH0 S EH1 P SH AH0 N T EY1 B AH0 L HH IY1 R L IY1 V DH AH0 AH0 P AA1 R T M AH0 N T,what will be good to reception table in to beauty of parliament,W AH1 T W IH1 L B IY1 G UH1 D T UW1 R IH0 S EH1 P SH AH0 N T EY1 B AH0 L IH0 N T UW1 B Y UW1 T IY0 AH1 V P AA1 R L AH0 M AH0 N T
98,./utterance_data/speaker_L/099.wav,Would you go to Bar take Red_Potato er come back .,would you go to Bar taking dried potato here come back,W UH1 D Y UW1 G OW1 T UW1 B AA1 R T EY1 K IH0 NG D R AY1 D P AH0 T EY1 T OW2 HH IY1 R K AH1 M B AE1 K,we do go to bob take to get a couple here and come back,W IY1 D UW1 G OW1 T UW1 B AA1 B T EY1 K T UW1 G EH1 T AH0 K AH1 P AH0 L HH IY1 R AH0 N D K AH1 M B AE1 K
99,./utterance_data/speaker_L/100.wav,Would you go to lobby Grasp toy_duck finally come back .,would you go to the ob toy duck finally come back,W UH1 D Y UW1 G OW1 T UW1 DH AH0 OW1 B IY1 T OY1 D AH1 K F AY1 N AH0 L IY0 K AH1 M B AE1 K,would you go to bobbie must play doc fighting a combined,W UH1 D Y UW1 G OW1 T UW1 B AA1 B IY0 M AH1 S T P L EY1 D AA1 K F AY1 T IH0 NG AH0 K AH0 M B AY1 N D
