0 , W EH1 L G OW1 T UW1 S OW1 F AH0 T EY1 K EH1 M P T IY0 K EH1 CH AH0 P F AY1 N AH0 L IY0 K AH1 M B AE1 K 
1 , G OW1 T UW1 D AY1 N IH0 NG S OW1 F AH0 N EH1 K S T D IH0 T EH1 K T K AE1 M ER0 AH0 T EY1 K IH1 T 
2 , M UW1 V T UW1 L IH1 V IH0 NG T EY1 B AH0 L G R AE1 S P B L IY1 CH L IY1 V DH AH0 AH0 P AA1 R T M AH0 N T P L IY1 Z 
3 , G OW1 T UW1 S OW1 F AH0 T EY1 K K AH1 P S T AA1 R P UH1 T IH1 T AA1 N L IH1 V IH0 NG T EY1 B AH0 L OW2 K EY1 
4 , G OW1 T UW1 K IH1 CH AH0 N T EY1 B AH0 L M UW1 V T UW1 L IH1 V IH0 NG T EY1 B AH0 L T EY1 K R EH1 D T IY1 
5 , K AE1 N Y UW1 M UW1 V T UW1 L IH1 V IH0 NG T EY1 B AH0 L G EH1 T T OY1 K AA1 R DH EH1 N K AH1 M B AE1 K 
6 , M UW1 V T UW1 S AY1 D T EY1 B AH0 L G EH1 T G R AW1 N D P EH1 P ER0 P L EY1 S IH1 T AA1 N S OW1 F AH0 OW2 K EY1 
7 , W UH1 D Y UW1 G OW1 T UW1 K IH1 CH AH0 N T EY1 B AH0 L T EY1 K SH UH1 G ER0 B R IH1 NG IH1 T T UW1 S AY1 D T EY1 B AH0 L 
8 , K AE1 N Y UW1 M UW1 V T UW1 S AY1 D T EY1 B AH0 L G EH1 T S AO1 L T DH EH1 N K AH1 M B AE1 K 
9 , G OW1 T UW1 V IH1 Z IH0 T ER0 R UW1 M T EY1 K K AE1 N D JH UW1 S P UH1 T IH1 T AA1 N B AA1 R P L IY1 Z 
10 , M UW1 V T UW1 S OW1 F AH0 G OW1 T UW1 B AA1 R DH EH1 N EH1 G Z IH0 T DH AH0 AH0 P AA1 R T M AH0 N T 
11 , W EH1 L G EH1 T K AH1 P N UW1 D AH0 L F R AH1 M L IH1 V IH0 NG T EY1 B AH0 L G OW1 T UW1 D AY1 N IH0 NG R UW1 M M UW1 V T UW1 S OW1 F AH0 
12 , K AO1 L AH0 P ER1 S AH0 N DH EH1 N AE1 S K F AO1 R AE1 N AO1 R D ER0 G EH1 T B R AW1 N T IY1 F R AH1 M R IH0 S EH1 P SH AH0 N T EY1 B AH0 L 
13 , K AE1 N Y UW1 B R IH1 NG N ER1 S IH0 NG B AA1 T AH0 L F R AH1 M B AA1 R G OW1 T UW1 K IH1 CH AH0 N R UW1 M M UW1 V T UW1 S OW1 F AH0 
14 , K AE1 N Y UW1 B R IH1 NG F IH1 L D K EH1 CH AH0 P F R AH1 M S OW1 F AH0 G OW1 T UW1 L AA1 B IY0 M UW1 V T UW1 R IH0 S EH1 P SH AH0 N T EY1 B AH0 L 
15 , W UH1 D Y UW1 G OW1 T UW1 D AY1 N IH0 NG T EY1 B AH0 L T EY1 K S P R EY1 B AA1 T AH0 L B R IH1 NG IH1 T T UW1 L IH1 V IH0 NG S OW1 F AH0 
16 , G OW1 T UW1 L AA1 B IY0 M UW1 V T UW1 D AY1 N IH0 NG T EY1 B AH0 L F AY1 N AH0 L IY0 L IY1 V DH AH0 AH0 P AA1 R T M AH0 N T 
17 , W UH1 D Y UW1 M UW1 V T UW1 R IH0 S EH1 P SH AH0 N T EY1 B AH0 L G R AE1 S P D AO1 G D AA1 L AH0 N D K AH1 M B AE1 K 
18 , M UW1 V T UW1 L IH1 V IH0 NG T EY1 B AH0 L G R AE1 S P K AH1 P N UW1 D AH0 L L IY1 V DH AH0 AH0 P AA1 R T M AH0 N T P L IY1 Z 
19 , K AE1 N Y UW1 G OW1 T UW1 S AY1 D T EY1 B AH0 L T EY1 K S IH2 G ER0 EH1 T K AE1 R IY0 IH1 T T UW1 B AA1 R 
20 , K AE1 N Y UW1 G OW1 T UW1 K IH1 CH AH0 N T EY1 B AH0 L T EY1 K AE1 P AH0 L K AE1 R IY0 IH1 T T UW1 L IH1 V IH0 NG T EY1 B AH0 L 
21 , G OW1 T UW1 K AO1 R AH0 D ER0 ER0 F AY1 N D AH0 P ER1 S AH0 N B R IH1 NG S AO1 S F R AH1 M D AY1 N IH0 NG S OW1 F AH0 
22 , W EH1 L G OW1 T UW1 S AY1 D T EY1 B AH0 L T EY1 K K AO2 R IY1 AH0 N S UW1 P F AY1 N AH0 L IY0 K AH1 M B AE1 K 
23 , G OW1 T UW1 D AY1 N IH0 NG S OW1 F AH0 F AY1 N D AH0 P ER1 S AH0 N ER0 F AA1 L OW0 AH0 P ER1 S AH0 N 
24 , W UH1 D Y UW1 M UW1 V T UW1 R IH0 S EH1 P SH AH0 N T EY1 B AH0 L T EY1 K AO1 R AH0 N JH JH UW1 S DH EH1 N K AH1 M B AE1 K 
25 , W UH1 D Y UW1 M UW1 V T UW1 S AY1 D T EY1 B AH0 L T EY1 K D AO1 G D AA1 L DH EH1 N K AH1 M B AE1 K 
26 , G OW1 T UW1 L AA1 B IY0 T EY1 K EH1 M P T IY0 K EH1 CH AH0 P P UH1 T IH1 T AA1 N D AY1 N IH0 NG T EY1 B AH0 L P L IY1 Z 
27 , W UH1 D Y UW1 G OW1 T UW1 S OW1 F AH0 T EY1 K K AH1 P S T AA1 R B R IH1 NG IH1 T T UW1 S AY1 D T EY1 B AH0 L 
28 , G OW1 T UW1 L IH1 V IH0 NG S OW1 F AH0 G EH1 T K AO2 R IY1 AH0 N S UW1 P EH1 G Z IH0 T F R AH1 M K IH1 CH AH0 N R UW1 M OW2 K EY1 
29 , G OW1 T UW1 B AA1 R F AY1 N D AH0 P ER1 S AH0 N ER0 F AA1 L OW0 AH0 P ER1 S AH0 N 
30 , K AE1 N Y UW1 G OW1 T UW1 L AA1 B IY0 G EH1 T K AE1 N D JH UW1 S DH EH1 N K AH1 M B AE1 K 
31 , W EH1 L M UW1 V T UW1 L IH1 V IH0 NG T EY1 B AH0 L G R AE1 S P B R AW1 N T IY1 DH EH1 N K AH1 M B AE1 K 
32 , G OW1 T UW1 D AY1 N IH0 NG T EY1 B AH0 L G R AE1 S P F IH1 L D P L AE1 S T IH0 K B AA1 T AH0 L L IY1 V DH AH0 AH0 P AA1 R T M AH0 N T P L IY1 Z 
33 , W EH1 L M UW1 V T UW1 R IH0 S EH1 P SH AH0 N T EY1 B AH0 L G R AE1 S P JH AE2 P AH0 N IY1 Z T IY1 DH EH1 N K AH1 M B AE1 K 
34 , G OW1 T UW1 L AA1 B IY0 G R AE1 S P N ER1 S IH0 NG B AA1 T AH0 L TH R OW1 IH1 T IH1 N T UW0 D AH1 S T B IH0 N P L IY1 Z 
35 , K AE1 N Y UW1 G OW1 T UW1 V IH1 Z IH0 T ER0 R UW1 M G EH1 T JH AE2 P AH0 N IY1 Z T IY1 DH EH1 N K AH1 M B AE1 K 
36 , G OW1 T UW1 K IH1 CH AH0 N N EH1 K S T F AY1 N D K AH1 P N UW1 D AH0 L T EY1 K IH1 T 
37 , K AE1 N Y UW1 G OW1 T UW1 V IH1 Z IH0 T ER0 R UW1 M G EH1 T T OY1 P EH1 NG G W AH0 N DH EH1 N K AH1 M B AE1 K 
38 , W EH1 L G EH1 T B AE1 TH K L IY1 N ER0 F R AH1 M L IH1 V IH0 NG T EY1 B AH0 L G OW1 T UW1 V IH1 Z IH0 T ER0 R UW1 M G OW1 T UW1 L IH1 V IH0 NG R UW1 M 
39 , W UH1 D Y UW1 G OW1 T UW1 D AY1 N IH0 NG R UW1 M G R AE1 S P P IH1 NG K K AH1 P ER0 K AH1 M B AE1 K 
40 , G OW1 T UW1 D AY1 N IH0 NG S OW1 F AH0 T EY1 K K AO2 R IY1 AH0 N S UW1 P P UH1 T IH1 T AA1 N B AA1 R OW2 K EY1 
41 , G OW1 T UW1 L AA1 B IY0 T EY1 K N ER1 S IH0 NG B AA1 T AH0 L P UH1 T IH1 T AA1 N B AA1 R P L IY1 Z 
42 , K AO1 L AH0 P ER1 S AH0 N DH EH1 N AE1 S K F AO1 R AE1 N AO1 R D ER0 G EH1 T K Y UW1 B IH0 K K L AA1 K F R AH1 M B AA1 R 
43 , G OW1 T UW1 K AO1 R AH0 D ER0 G EH1 T R EH1 D T IY1 TH R OW1 IH1 T IH1 N T UW0 D AH1 S T B IH0 N P L IY1 Z 
44 , G OW1 T UW1 K IH1 CH AH0 N R UW1 M G OW1 T UW1 D AY1 N IH0 NG S OW1 F AH0 ER0 L IY1 V DH AH0 AH0 P AA1 R T M AH0 N T 
45 , G OW1 T UW1 S AY1 D T EY1 B AH0 L F AY1 N D AH0 P ER1 S AH0 N ER0 F AA1 L OW0 AH0 P ER1 S AH0 N 
46 , M UW1 V T UW1 K IH1 CH AH0 N T EY1 B AH0 L G OW1 T UW1 L IH1 V IH0 NG S OW1 F AH0 DH EH1 N EH1 G Z IH0 T DH AH0 AH0 P AA1 R T M AH0 N T 
47 , G OW1 T UW1 L IH1 V IH0 NG S OW1 F AH0 T EY1 K F IH1 L D K EH1 CH AH0 P P UH1 T IH1 T AA1 N K IH1 CH AH0 N T EY1 B AH0 L OW2 K EY1 
48 , K AE1 N Y UW1 M UW1 V T UW1 K IH1 CH AH0 N T EY1 B AH0 L G EH1 T R AE1 B AH0 T D AA1 L DH EH1 N K AH1 M B AE1 K 
49 , W EH1 L G EH1 T T OY1 K AA1 R F R AH1 M S OW1 F AH0 G OW1 T UW1 B EH1 D R UW1 M M UW1 V T UW1 L IH1 V IH0 NG T EY1 B AH0 L 
50 , G OW1 T UW1 S AY1 D T EY1 B AH0 L N EH1 K S T D IH0 T EH1 K T T OY1 D AH1 K T EY1 K IH1 T 
51 , G OW1 T UW1 V IH1 Z IH0 T ER0 R UW1 M G EH1 T T OY1 P EH1 NG G W AH0 N TH R OW1 IH1 T IH1 N T UW0 D AH1 S T B IH0 N P L IY1 Z 
52 , W UH1 D Y UW1 M UW1 V T UW1 D AY1 N IH0 NG S OW1 F AH0 G EH1 T AW1 ER0 G L AE2 S B R IH1 NG IH1 T T UW1 S AY1 D T EY1 B AH0 L 
53 , W UH1 D Y UW1 M UW1 V T UW1 B AA1 R G R AE1 S P R UW1 B IH0 K S K Y UW1 B AH0 N D K AH1 M B AE1 K 
54 , G OW1 T UW1 K IH1 CH AH0 N R UW1 M G R AE1 S P K AE1 M ER0 AH0 TH R OW1 IH1 T IH1 N T UW0 D AH1 S T B IH0 N P L IY1 Z 
55 , W UH1 D Y UW1 G OW1 T UW1 S OW1 F AH0 T EY1 K CH IH1 P S T AA1 R ER0 K AH1 M B AE1 K 
56 , G OW1 T UW1 V IH1 Z IH0 T ER0 R UW1 M N EH1 K S T F AY1 N D AE1 P AH0 L G R AE1 S P IH1 T 
57 , W EH1 L G OW1 T UW1 K IH1 CH AH0 N T EY1 B AH0 L T EY1 K D AO1 G D AA1 L F AY1 N AH0 L IY0 K AH1 M B AE1 K 
58 , W UH1 D Y UW1 G OW1 T UW1 K IH1 CH AH0 N T EY1 B AH0 L T EY1 K R UW1 B IH0 K S K Y UW1 B B R IH1 NG IH1 T T UW1 D AY1 N IH0 NG T EY1 B AH0 L 
59 , W EH1 L M UW1 V T UW1 L IH1 V IH0 NG S OW1 F AH0 G EH1 T EH1 M P T IY0 P L AE1 S T IH0 K B AA1 T AH0 L AH0 N D K AH1 M B AE1 K 
60 , G OW1 T UW1 K IH1 CH AH0 N T EY1 B AH0 L F AY1 N D AH0 P ER1 S AH0 N ER0 F AA1 L OW0 AH0 P ER1 S AH0 N 
61 , G OW1 T UW1 L IH1 V IH0 NG R UW1 M G EH1 T B L UW1 P AH0 T EY1 T OW2 TH R OW1 IH1 T IH1 N T UW0 D AH1 S T B IH0 N P L IY1 Z 
62 , K AE1 N Y UW1 G OW1 T UW1 K IH1 CH AH0 N G R AE1 S P B EH1 R D AA1 L B R IH1 NG IH1 T T UW1 L IH1 V IH0 NG T EY1 B AH0 L 
63 , W UH1 D Y UW1 G OW1 T UW1 L AA1 B IY0 G R AE1 S P P IH1 NG K K AH1 P F AY1 N AH0 L IY0 K AH1 M B AE1 K 
64 , M UW1 V T UW1 D AY1 N IH0 NG T EY1 B AH0 L G R AE1 S P AW1 ER0 G L AE2 S L IY1 V DH AH0 AH0 P AA1 R T M AH0 N T P L IY1 Z 
65 , W UH1 D Y UW1 G OW1 T UW1 D AY1 N IH0 NG S OW1 F AH0 G EH1 T K L AO1 TH K L IY1 N ER0 K AE1 R IY0 IH1 T T UW1 L IH1 V IH0 NG T EY1 B AH0 L 
66 , G OW1 T UW1 V IH1 Z IH0 T ER0 R UW1 M N EH1 K S T F AY1 N D T OY1 K AA1 R T EY1 K IH1 T 
67 , G OW1 T UW1 D AY1 N IH0 NG R UW1 M G OW1 T UW1 S AY1 D T EY1 B AH0 L DH EH1 N EH1 G Z IH0 T DH AH0 AH0 P AA1 R T M AH0 N T 
68 , G OW1 T UW1 D AY1 N IH0 NG R UW1 M G OW1 T UW1 L IH1 V IH0 NG T EY1 B AH0 L AH0 N D EH1 G Z IH0 T F R AH1 M V IH1 Z IH0 T ER0 R UW1 M 
69 , G OW1 T UW1 D AY1 N IH0 NG S OW1 F AH0 F AY1 N D AH0 P ER1 S AH0 N ER0 F AA1 L OW0 AH0 P ER1 S AH0 N 
70 , K AO1 L AH0 P ER1 S AH0 N DH EH1 N AE1 S K F AO1 R AE1 N AO1 R D ER0 G EH1 T K L AO1 TH K L IY1 N ER0 F R AH1 M D AY1 N IH0 NG T EY1 B AH0 L 
71 , G OW1 T UW1 B AA1 R T EY1 K S P R EY1 B AA1 T AH0 L P UH1 T IH1 T AA1 N D AY1 N IH0 NG S OW1 F AH0 OW2 K EY1 
72 , M UW1 V T UW1 L IH1 V IH0 NG T EY1 B AH0 L G R AE1 S P S AO1 S L IY1 V DH AH0 AH0 P AA1 R T M AH0 N T P L IY1 Z 
73 , G OW1 T UW1 K IH1 CH AH0 N M UW1 V T UW1 K IH1 CH AH0 N T EY1 B AH0 L F AY1 N AH0 L IY0 L IY1 V DH AH0 AH0 P AA1 R T M AH0 N T 
74 , G OW1 T UW1 D AY1 N IH0 NG S OW1 F AH0 AH0 N D F AY1 N D AH0 P ER1 S AH0 N B R IH1 NG D AO1 G D AA1 L F R AH1 M L IH1 V IH0 NG T EY1 B AH0 L 
75 , W UH1 D Y UW1 G OW1 T UW1 S OW1 F AH0 G EH1 T L EH1 M AH0 N T IY1 K AE1 R IY0 IH1 T T UW1 D AY1 N IH0 NG T EY1 B AH0 L 
76 , G OW1 T UW1 K IH1 CH AH0 N R UW1 M F AY1 N D AH0 P ER1 S AH0 N F AY1 N AH0 L IY0 F AA1 L OW0 AH0 P ER1 S AH0 N 
77 , G OW1 T UW1 K IH1 CH AH0 N F AY1 N D AH0 P ER1 S AH0 N F AY1 N AH0 L IY0 F AA1 L OW0 AH0 P ER1 S AH0 N 
78 , G OW1 T UW1 D AY1 N IH0 NG R UW1 M ER0 F AY1 N D AH0 P ER1 S AH0 N B R IH1 NG K AE1 M ER0 AH0 F R AH1 M D AY1 N IH0 NG T EY1 B AH0 L 
79 , G OW1 T UW1 V IH1 Z IH0 T ER0 R UW1 M G R AE1 S P N ER1 S IH0 NG B AA1 T AH0 L TH R OW1 IH1 T IH1 N T UW0 D AH1 S T B IH0 N P L IY1 Z 
80 , G OW1 T UW1 L IH1 V IH0 NG R UW1 M N EH1 K S T F AY1 N D L EH1 M AH0 N T IY1 T EY1 K IH1 T 
81 , G OW1 T UW1 D AY1 N IH0 NG S OW1 F AH0 T EY1 K R EH1 D P AH0 T EY1 T OW2 L IY1 V DH AH0 AH0 P AA1 R T M AH0 N T P L IY1 Z 
82 , W UH1 D Y UW1 G OW1 T UW1 B AA1 R T EY1 K R EH1 D P AH0 T EY1 T OW2 B R IH1 NG IH1 T T UW1 D AY1 N IH0 NG T EY1 B AH0 L 
83 , W EH1 L M UW1 V T UW1 R IH0 S EH1 P SH AH0 N T EY1 B AH0 L G R AE1 S P JH AE2 P AH0 N IY1 Z D R EH1 S IH0 NG DH EH1 N K AH1 M B AE1 K 
84 , W UH1 D Y UW1 G OW1 T UW1 L AA1 B IY0 G R AE1 S P T OY1 P EH1 NG G W AH0 N F AY1 N AH0 L IY0 K AH1 M B AE1 K 
85 , G OW1 T UW1 L AA1 B IY0 ER0 F AY1 N D AH0 P ER1 S AH0 N B R IH1 NG K Y UW1 B IH0 K K L AA1 K F R AH1 M S OW1 F AH0 
86 , W EH1 L G EH1 T EH1 G S UW1 P F R AH1 M S OW1 F AH0 G OW1 T UW1 V IH1 Z IH0 T ER0 R UW1 M M UW1 V T UW1 D AY1 N IH0 NG T EY1 B AH0 L 
87 , M UW1 V T UW1 D AY1 N IH0 NG T EY1 B AH0 L G OW1 T UW1 S OW1 F AH0 DH EH1 N EH1 G Z IH0 T DH AH0 AH0 P AA1 R T M AH0 N T 
88 , M UW1 V T UW1 L IH1 V IH0 NG T EY1 B AH0 L G EH1 T S AO1 L T P L EY1 S IH1 T AA1 N B AA1 R OW2 K EY1 
89 , G OW1 T UW1 V IH1 Z IH0 T ER0 R UW1 M N EH1 K S T F AY1 N D S T R AO1 B EH2 R IY0 JH UW1 S T EY1 K IH1 T 
90 , G OW1 T UW1 K AO1 R AH0 D ER0 T EY1 K T OY1 D AH1 K P UH1 T IH1 T AA1 N R IH0 S EH1 P SH AH0 N T EY1 B AH0 L P L IY1 Z 
91 , W EH1 L G OW1 T UW1 D AY1 N IH0 NG S OW1 F AH0 T EY1 K K AH1 P N UW1 D AH0 L F AY1 N AH0 L IY0 K AH1 M B AE1 K 
92 , G OW1 T UW1 K IH1 CH AH0 N G OW1 T UW1 L IH1 V IH0 NG S OW1 F AH0 ER0 L IY1 V DH AH0 AH0 P AA1 R T M AH0 N T 
93 , G OW1 T UW1 L AA1 B IY0 G EH1 T EH1 M P T IY0 P L AE1 S T IH0 K B AA1 T AH0 L TH R OW1 IH1 T IH1 N T UW0 D AH1 S T B IH0 N P L IY1 Z 
94 , W UH1 D Y UW1 G OW1 T UW1 L AA1 B IY0 G R AE1 S P S OY1 S AO2 S ER0 K AH1 M B AE1 K 
95 , G OW1 T UW1 K IH1 CH AH0 N R UW1 M G EH1 T T W IH1 N B EH1 L AH0 L AA1 R M K L AA1 K TH R OW1 IH1 T IH1 N T UW0 D AH1 S T B IH0 N P L IY1 Z 
96 , W EH1 L G OW1 T UW1 K IH1 CH AH0 N T EY1 B AH0 L T EY1 K B R AW1 N T IY1 B R IH1 NG IH1 T T UW1 D AY1 N IH0 NG S OW1 F AH0 
97 , G OW1 T UW1 L AA1 B IY0 G OW1 T UW1 R IH0 S EH1 P SH AH0 N T EY1 B AH0 L ER0 L IY1 V DH AH0 AH0 P AA1 R T M AH0 N T 
98 , W UH1 D Y UW1 G OW1 T UW1 B AA1 R T EY1 K R EH1 D P AH0 T EY1 T OW2 ER0 K AH1 M B AE1 K 
99 , W UH1 D Y UW1 G OW1 T UW1 L AA1 B IY0 G R AE1 S P T OY1 D AH1 K F AY1 N AH0 L IY0 K AH1 M B AE1 K 
