,Unnamed: 0,original_sentence,filename,google_word,google_phoneme
0,0,Well go to Sofa  take empty_ketchup finally come back .,./utterance_data/speaker_L/001.wav,will go to sofa take out the ketchup finally cut bike,W IH1 L G OW1 T UW1 S OW1 F AH0 T EY1 K AW1 T DH AH0 K EH1 CH AH0 P F AY1 N AH0 L IY0 K AH1 T B AY1 K
1,1,Go to Dining_Sofa next detect camera  take it .,./utterance_data/speaker_L/002.wav,go to dinner so fat next detox camera ticket,G OW1 T UW1 D IH1 N ER0 S OW1 F AE1 T N EH1 K S T D IY1 T AA2 K S K AE1 M ER0 AH0 T IH1 K AH0 T
2,2,Move to Living_Table  grasp Bleach  leave the apartment please .,./utterance_data/speaker_L/003.wav,move to Deaton table crossbridge apartment please,M UW1 V T UW1 D IY1 T AH0 N T EY1 B AH0 L S IY1 AA1 R OW1 EH1 S EH1 S B IY1 AA1 R AY1 D IY1 JH IY1 IY1 AH0 P AA1 R T M AH0 N T P L IY1 Z
3,3,Go to Sofa  take Cup_Star put it on Living_Table okay .,./utterance_data/speaker_L/004.wav,go to sofa take up stop put it on leaving table okay,G OW1 T UW1 S OW1 F AH0 T EY1 K AH1 P S T AA1 P P UH1 T IH1 T AA1 N L IY1 V IH0 NG T EY1 B AH0 L OW2 K EY1
4,4,Go to Kitchen_Table move to Living_Table take Red_Tea .,./utterance_data/speaker_L/005.wav,go to kitchen table move to living table take a dried tea,G OW1 T UW1 K IH1 CH AH0 N T EY1 B AH0 L M UW1 V T UW1 L IH1 V IH0 NG T EY1 B AH0 L T EY1 K AH0 D R AY1 D T IY1
5,5,Can you move to Living_Table get toy_car then come back .,./utterance_data/speaker_L/006.wav,can you move to different people get toy car then come back,K AE1 N Y UW1 M UW1 V T UW1 D IH1 F ER0 AH0 N T P IY1 P AH0 L G EH1 T T OY1 K AA1 R DH EH1 N K AH1 M B AE1 K
6,6,Move to Side_Table get ground_pepper place it on Sofa okay .,./utterance_data/speaker_L/007.wav,motorcycle table get wallpaper of Sulphur okay,M OW1 T ER0 S AY2 K AH0 L T EY1 B AH0 L G EH1 T W AO1 L P EY2 P ER0 AH1 V S AH1 L F ER0 OW2 K EY1
7,7,Would you go to Kitchen_Table  take sugar  bring it to Side_Table .,./utterance_data/speaker_L/008.wav,would you go to kitchen table take sugar ring 82 side table,W UH1 D Y UW1 G OW1 T UW1 K IH1 CH AH0 N T EY1 B AH0 L T EY1 K SH UH1 G ER0 R IH1 NG EY1 T T UW1 S AY1 D T EY1 B AH0 L
8,8,Can you move to Side_Table get salt then come back .,./utterance_data/speaker_L/009.wav,can you move to side table light assault then come back,K AE1 N Y UW1 M UW1 V T UW1 S AY1 D T EY1 B AH0 L L AY1 T AH0 S AO1 L T DH EH1 N K AH1 M B AE1 K
9,9,Go to Visitor_Room take canned_juice put it on Bar please .,./utterance_data/speaker_L/010.wav,go to Wichita route take Card juice please,G OW1 T UW1 W IH1 CH AH0 T AO2 R UW1 T T EY1 K K AA1 R D JH UW1 S P L IY1 Z
10,10,Move to Sofa  go to Bar then exit the apartment .,./utterance_data/speaker_L/011.wav,Mewtwo so far go to Bar then exits a Apartments,EH1 M IY1 D AH1 B AH0 L Y UW0 T IY1 D AH1 B AH0 L Y UW0 OW1 S OW1 F AA1 R G OW1 T UW1 B AA1 R DH EH1 N EH1 G Z IH0 T S AH0 AH0 P AA1 R T M AH0 N T S
11,11,Well get Cup_Noodle from Living_Table go to Dining_Room move to Sofa .,./utterance_data/speaker_L/012.wav,we'll get cup noodle from dining table go to dining room Mewtwo so far,W IY1 L G EH1 T K AH1 P N UW1 D AH0 L F R AH1 M D AY1 N IH0 NG T EY1 B AH0 L G OW1 T UW1 D AY1 N IH0 NG R UW1 M EH1 M IY1 D AH1 B AH0 L Y UW0 T IY1 D AH1 B AH0 L Y UW0 OW1 S OW1 F AA1 R
12,12,Call a person then ask for an order get Brown_Tea from Reception_Table .,./utterance_data/speaker_L/013.wav,call the person that asked for my order got wrong to you from reception table,K AO1 L DH AH0 P ER1 S AH0 N DH AE1 T AE1 S K T F AO1 R M AY1 AO1 R D ER0 G AA1 T R AO1 NG T UW1 Y UW1 F R AH1 M R IH0 S EH1 P SH AH0 N T EY1 B AH0 L
13,13,Can you bring nursing_bottle from Bar go to Kitchen_Room move to Sofa .,./utterance_data/speaker_L/014.wav,Caillou bring nursing photo from bar to Kitchen room sofa,S IY1 AH0 AY1 EH1 L EH1 L OW1 Y UW1 B R IH1 NG N ER1 S IH0 NG F OW1 T OW2 F R AH1 M B AA1 R T UW1 K IH1 CH AH0 N R UW1 M S OW1 F AH0
14,14,Can you bring filled_ketchup from Sofa go to lobby move to Reception_Table .,./utterance_data/speaker_L/015.wav,can you bring sealed Ketchup from Suffolk go to low po2 reception table,K AE1 N Y UW1 B R IH1 NG S IY1 L D K EH1 CH AH0 P F R AH1 M S AH1 F AH0 K G OW1 T UW1 L OW1 P IY1 OW1 T UW1 R IH0 S EH1 P SH AH0 N T EY1 B AH0 L
15,15,Would you go to Dining_Table  take spray_bottle  bring it to Living_Sofa .,./utterance_data/speaker_L/016.wav,would you go to dining table takes forever to bring it to Leading so far,W UH1 D Y UW1 G OW1 T UW1 D AY1 N IH0 NG T EY1 B AH0 L T EY1 K S F ER0 EH1 V ER0 T UW1 B R IH1 NG IH1 T T UW1 L IY1 D IH0 NG S OW1 F AA1 R
16,16,Go to lobby  move to Dining_Table  finally leave the apartment .,./utterance_data/speaker_L/017.wav,go to Lobby mucho dining table finally DC Apartments,G OW1 T UW1 L AA1 B IY0 M UW1 CH OW0 D AY1 N IH0 NG T EY1 B AH0 L F AY1 N AH0 L IY0 D IY2 S IY1 AH0 P AA1 R T M AH0 N T S
17,17,Would you move to Reception_Table grasp dog_doll and come back .,./utterance_data/speaker_L/018.wav,view mucho reception table grasp doctor and come back,V Y UW1 M UW1 CH OW0 R IH0 S EH1 P SH AH0 N T EY1 B AH0 L G R AE1 S P D AA1 K T ER0 AH0 N D K AH1 M B AE1 K
18,18,Move to Living_Table  grasp Cup_Noodle  leave the apartment please .,./utterance_data/speaker_L/019.wav,Mutu leaving table grass capelouto leave the apartment please,EH1 M Y UW1 T IY1 Y UW1 L IY1 V IH0 NG T EY1 B AH0 L G R AE1 S S IY1 AH0 P IY1 IY1 EH1 L OW1 Y UW1 T IY1 OW1 L IY1 V DH AH0 AH0 P AA1 R T M AH0 N T P L IY1 Z
19,19,Can you go to Side_Table take cigarette carry it to Bar .,./utterance_data/speaker_L/020.wav,can you go to side table take sigrid's carrot to the bar,K AE1 N Y UW1 G OW1 T UW1 S AY1 D T EY1 B AH0 L T EY1 K EH1 S AY1 JH IY1 AA1 R AY1 D IY1 EH1 S K AE1 R AH0 T T UW1 DH AH0 B AA1 R
20,20,Can you go to Kitchen_Table take apple carry it to Living_Table .,./utterance_data/speaker_L/021.wav,how you go to kitchen table take apple. To living table,HH AW1 Y UW1 G OW1 T UW1 K IH1 CH AH0 N T EY1 B AH0 L T EY1 K AH0 P IY1 P IY1 EH1 L IY1 T UW1 L IH1 V IH0 NG T EY1 B AH0 L
21,21,Go to Corridor er find a person neayby bring sauce from Dining_Sofa .,./utterance_data/speaker_L/022.wav,go to carry tall are funnier person nearby bring sauce from dining sofa,G OW1 T UW1 K AE1 R IY0 T AO1 L AA1 R F AH1 N IY0 ER0 P ER1 S AH0 N N IH1 R B AY1 B R IH1 NG S AO1 S F R AH1 M D AY1 N IH0 NG S OW1 F AH0
22,22,Well go to Side_Table  take Korean_Soup finally come back .,./utterance_data/speaker_L/023.wav,mail go to side table take green soap can Pike,M EY1 L G OW1 T UW1 S AY1 D T EY1 B AH0 L T EY1 K G R IY1 N S OW1 P K AE1 N P AY1 K
23,23,Go to Dining_Sofa find a person neayby  er follow a person .,./utterance_data/speaker_L/024.wav,go to dining sofa Bollywood person nearby are photo of a person,G OW1 T UW1 D AY1 N IH0 NG S OW1 F AH0 B AA1 L IY2 W UH0 D P ER1 S AH0 N N IH1 R B AY1 AA1 R F OW1 T OW2 AH1 V AH0 P ER1 S AH0 N
24,24,Would you move to Reception_Table take Orange_Juice then come back .,./utterance_data/speaker_L/025.wav,would you move to reception table take a ride orange juice then come back,W UH1 D Y UW1 M UW1 V T UW1 R IH0 S EH1 P SH AH0 N T EY1 B AH0 L T EY1 K AH0 R AY1 D AO1 R AH0 N JH JH UW1 S DH EH1 N K AH1 M B AE1 K
25,25,Would you move to Side_Table take dog_doll then come back .,./utterance_data/speaker_L/026.wav,would you move to side table take dog dog then come back,W UH1 D Y UW1 M UW1 V T UW1 S AY1 D T EY1 B AH0 L T EY1 K D AO1 G D AO1 G DH EH1 N K AH1 M B AE1 K
26,26,Go to lobby take empty_ketchup put it on Dining_Table please .,./utterance_data/speaker_L/027.wav,go to low-key take empty ketchup put it on dining table base,G OW1 T UW1 EH1 L OW1 D AH1 B AH0 L Y UW0 K EY1 IY1 W AY1 T EY1 K EH1 M P T IY0 K EH1 CH AH0 P P UH1 T IH1 T AA1 N D AY1 N IH0 NG T EY1 B AH0 L B EY1 S
27,27,Would you go to Sofa  take Cup_Star  bring it to Side_Table .,./utterance_data/speaker_L/028.wav,would you go to sofa take Capstar ringgit to psi table,W UH1 D Y UW1 G OW1 T UW1 S OW1 F AH0 T EY1 K S IY1 AH0 P IY1 EH1 S T IY1 AH0 AA1 R R IH1 NG IH0 T T UW1 S AY1 T EY1 B AH0 L
28,28,Go to Living_Sofa get Korean_Soup  exit from Kitchen_Room okay .,./utterance_data/speaker_L/029.wav,go to leaving sofa get drink salt exist from Kitchen room okay,G OW1 T UW1 L IY1 V IH0 NG S OW1 F AH0 G EH1 T D R IH1 NG K S AO1 L T IH0 G Z IH1 S T F R AH1 M K IH1 CH AH0 N R UW1 M OW2 K EY1
29,29,Go to Bar find a person neayby  er follow a person .,./utterance_data/speaker_L/030.wav,go to Bar find a person nearby theater full of a person,G OW1 T UW1 B AA1 R F AY1 N D AH0 P ER1 S AH0 N N IH1 R B AY1 TH IY1 AH0 T ER0 F UH1 L AH1 V AH0 P ER1 S AH0 N
30,30,Can you go to lobby get canned_juice then come back .,./utterance_data/speaker_L/031.wav,can you go to Lobby get candida juice then come back,K AE1 N Y UW1 G OW1 T UW1 L AA1 B IY0 G EH1 T K AE1 N D IH0 D AH0 JH UW1 S DH EH1 N K AH1 M B AE1 K
31,31,Well move to Living_Table Grasp Brown_Tea then come back .,./utterance_data/speaker_L/032.wav,Bellmore to living table grass for Bronte then come back,B EH1 L M AO0 R T UW1 L IH1 V IH0 NG T EY1 B AH0 L G R AE1 S F AO1 R B R AA1 N T IY0 DH EH1 N K AH1 M B AE1 K
32,32,Go to Dining_Table Grasp filled_plastic_bottle  leave the apartment please .,./utterance_data/speaker_L/033.wav,go to dining table glass top for field prosthetic about to leave the apartment place,G OW1 T UW1 D AY1 N IH0 NG T EY1 B AH0 L G L AE1 S T AA1 P F AO1 R F IY1 L D P R AA0 S TH EH1 T IH0 K AH0 B AW1 T T UW1 L IY1 V DH AH0 AH0 P AA1 R T M AH0 N T P L EY1 S
33,33,Well move to Reception_Table Grasp Japanese_Tea then come back .,./utterance_data/speaker_L/034.wav,Velma to reception table grass for Japanese tea then come back,V EH1 L M AH0 T UW1 R IH0 S EH1 P SH AH0 N T EY1 B AH0 L G R AE1 S F AO1 R JH AE2 P AH0 N IY1 Z T IY1 DH EH1 N K AH1 M B AE1 K
34,34,Go to lobby Grasp nursing_bottle throw it into Dustbin please .,./utterance_data/speaker_L/035.wav,go to Lobby photo threw it into Dustbin please,G OW1 T UW1 L AA1 B IY0 F OW1 T OW2 TH R UW1 IH1 T IH1 N T UW0 D AH1 S T B IH0 N P L IY1 Z
35,35,Can you go to Visitor_Room get Japanese_Tea then come back .,./utterance_data/speaker_L/036.wav,Caillou go to visitor room cast Japanese tea then come back,S IY1 AH0 AY1 EH1 L EH1 L OW1 Y UW1 G OW1 T UW1 V IH1 Z IH0 T ER0 R UW1 M K AE1 S T JH AE2 P AH0 N IY1 Z T IY1 DH EH1 N K AH1 M B AE1 K
36,36,Go to kitchen next find Cup_Noodle take it .,./utterance_data/speaker_L/037.wav,go to Kitchen Next fun cup noodle ticket,G OW1 T UW1 K IH1 CH AH0 N N EH1 K S T F AH1 N K AH1 P N UW1 D AH0 L T IH1 K AH0 T
37,37,Can you go to Visitor_Room get toy_penguin then come back .,./utterance_data/speaker_L/038.wav,can you go to visitor rule hanging then come back,K AE1 N Y UW1 G OW1 T UW1 V IH1 Z IH0 T ER0 R UW1 L HH AE1 NG IH0 NG DH EH1 N K AH1 M B AE1 K
38,38,Well get Bath_Cleaner from Living_Table go to Visitor_Room go to Living_Room .,./utterance_data/speaker_L/039.wav,they'll get bus cleaner from leaving table go to visitor room go to living room,DH EY1 L G EH1 T B AH1 S K L IY1 N ER0 F R AH1 M L IY1 V IH0 NG T EY1 B AH0 L G OW1 T UW1 V IH1 Z IH0 T ER0 R UW1 M G OW1 T UW1 L IH1 V IH0 NG R UW1 M
39,39,Would you go to Dining_Room Grasp pink_cup er come back .,./utterance_data/speaker_L/040.wav,would you go to dining room pink cops are comeback,W UH1 D Y UW1 G OW1 T UW1 D AY1 N IH0 NG R UW1 M P IH1 NG K K AA1 P S AA1 R K AH1 M B AE2 K
40,40,Go to Dining_Sofa  take Korean_Soup put it on Bar okay .,./utterance_data/speaker_L/041.wav,go to dining sofa take Korean soap Amber ok,G OW1 T UW1 D AY1 N IH0 NG S OW1 F AH0 T EY1 K K AO2 R IY1 AH0 N S OW1 P AE1 M B ER0 OW1 K EY1
41,41,Go to lobby take nursing_bottle put it on Bar please .,./utterance_data/speaker_L/042.wav,go to Lobby take a nursing photo put it on par please,G OW1 T UW1 L AA1 B IY0 T EY1 K AH0 N ER1 S IH0 NG F OW1 T OW2 P UH1 T IH1 T AA1 N P AA1 R P L IY1 Z
42,42,Call a person then ask for an order get cubic_clock from Bar .,./utterance_data/speaker_L/043.wav,call the person then ask for older cat cubic clock from bar,K AO1 L DH AH0 P ER1 S AH0 N DH EH1 N AE1 S K F AO1 R OW1 L D ER0 K AE1 T K Y UW1 B IH0 K K L AA1 K F R AH1 M B AA1 R
43,43,Go to Corridor get Red_Tea throw it into Dustbin please .,./utterance_data/speaker_L/044.wav,go to Koreatown get DIRECTV through AT&T gasping please,G OW1 T UW1 K ER0 IY1 AH0 T AW2 N G EH1 T D ER0 EH1 K T IY1 V IY1 TH R UW1 AH0 T IY1 T IY1 G AE1 S P IH0 NG P L IY1 Z
44,44,Go to Kitchen_Room  go to Dining_Sofa er leave the apartment .,./utterance_data/speaker_L/045.wav,Uncle to Kitchen you go to dining sofa are they Apartments,AH1 NG K AH0 L T UW1 K IH1 CH AH0 N Y UW1 G OW1 T UW1 D AY1 N IH0 NG S OW1 F AH0 AA1 R DH EY1 AH0 P AA1 R T M AH0 N T S
45,45,Go to Side_Table find a person neayby  er follow a person .,./utterance_data/speaker_L/046.wav,go to side table find a person nearby airport of a person,G OW1 T UW1 S AY1 D T EY1 B AH0 L F AY1 N D AH0 P ER1 S AH0 N N IH1 R B AY1 EH1 R P AO2 R T AH1 V AH0 P ER1 S AH0 N
46,46,Move to Kitchen_Table  go to Living_Sofa then exit the apartment .,./utterance_data/speaker_L/047.wav,move to kitchen table goes to living sofa then exit the apartment,M UW1 V T UW1 K IH1 CH AH0 N T EY1 B AH0 L G OW1 Z T UW1 L IH1 V IH0 NG S OW1 F AH0 DH EH1 N EH1 G Z IH0 T DH AH0 AH0 P AA1 R T M AH0 N T
47,47,Go to Living_Sofa  take filled_ketchup put it on Kitchen_Table okay .,./utterance_data/speaker_L/048.wav,go to lighting sofa take food ketchup put it on kitchen table okay,G OW1 T UW1 L AY1 T IH0 NG S OW1 F AH0 T EY1 K F UW1 D K EH1 CH AH0 P P UH1 T IH1 T AA1 N K IH1 CH AH0 N T EY1 B AH0 L OW2 K EY1
48,48,Can you move to Kitchen_Table get rabbit_doll then come back .,./utterance_data/speaker_L/049.wav,can you move to kitchen table catch a rabbit or then come back,K AE1 N Y UW1 M UW1 V T UW1 K IH1 CH AH0 N T EY1 B AH0 L K AE1 CH AH0 R AE1 B AH0 T AO1 R DH EH1 N K AH1 M B AE1 K
49,49,Well get toy_car from Sofa go to bed_room move to Living_Table .,./utterance_data/speaker_L/050.wav,will a toy car from so far go to bathroom Bluetooth even table,W IH1 L AH0 T OY1 K AA1 R F R AH1 M S OW1 F AA1 R G OW1 T UW1 B AE1 TH R UW2 M B L UW1 T UW2 TH IY1 V IH0 N T EY1 B AH0 L
50,50,Go to Side_Table next detect toy_duck  take it .,./utterance_data/speaker_L/051.wav,go to side table next detective toy duck tickets,G OW1 T UW1 S AY1 D T EY1 B AH0 L N EH1 K S T D IH0 T EH1 K T IH0 V T OY1 D AH1 K T IH1 K AH0 T S
51,51,Go to Visitor_Room get toy_penguin throw it into Dustbin please .,./utterance_data/speaker_L/052.wav,go to visitor room cat toy penguin through 18 to 13 please,G OW1 T UW1 V IH1 Z IH0 T ER0 R UW1 M K AE1 T T OY1 P EH1 NG G W AH0 N TH R UW1 W AH1 N EY1 T T UW1 W AH1 N TH R IY1 P L IY1 Z
52,52,Would you move to Dining_Sofa get hourglass bring it to Side_Table .,./utterance_data/speaker_L/053.wav,would you move to dining sofa get our grass bring it to side table,W UH1 D Y UW1 M UW1 V T UW1 D AY1 N IH0 NG S OW1 F AH0 G EH1 T AW1 ER0 G R AE1 S B R IH1 NG IH1 T T UW1 S AY1 D T EY1 B AH0 L
53,53,Would you move to Bar Grasp rubik's_cube and come back .,./utterance_data/speaker_L/054.wav,would you move to buy glass for Rubik's Cube and come back,W UH1 D Y UW1 M UW1 V T UW1 B AY1 G L AE1 S F AO1 R R UW1 B IH0 K S K Y UW1 B AH0 N D K AH1 M B AE1 K
54,54,Go to Kitchen_Room Grasp camera throw it into Dustbin please .,./utterance_data/speaker_L/055.wav,go to Kitchen room rust camera through 18 to Dustbin please,G OW1 T UW1 K IH1 CH AH0 N R UW1 M R AH1 S T K AE1 M ER0 AH0 TH R UW1 W AH1 N EY1 T T UW1 D AH1 S T B IH0 N P L IY1 Z
55,55,Would you go to Sofa take Chip_Star er come back .,./utterance_data/speaker_L/056.wav,would you go to sofa take cheap star here comes back,W UH1 D Y UW1 G OW1 T UW1 S OW1 F AH0 T EY1 K CH IY1 P S T AA1 R HH IY1 R K AH1 M Z B AE1 K
56,56,Go to Visitor_Room next find apple Grasp it .,./utterance_data/speaker_L/057.wav,would you go to sofa take cheap star in contacts,W UH1 D Y UW1 G OW1 T UW1 S OW1 F AH0 T EY1 K CH IY1 P S T AA1 R IH0 N K AA1 N T AE2 K T S
57,57,Well go to Kitchen_Table  take dog_doll finally come back .,./utterance_data/speaker_L/058.wav,go to Vista room next Sunday April 8th,G OW1 T UW1 V IH1 S T AH0 R UW1 M N EH1 K S T S AH1 N D EY2 EY1 P R AH0 L EY1 T T IY1 EY1 CH
58,58,Would you go to Kitchen_Table  take rubik's_cube  bring it to Dining_Table .,./utterance_data/speaker_L/059.wav,will go to kitchen table take doctor I need a comeback,W IH1 L G OW1 T UW1 K IH1 CH AH0 N T EY1 B AH0 L T EY1 K D AA1 K T ER0 AY1 N IY1 D AH0 K AH1 M B AE2 K
59,59,Well move to Living_Sofa get empty_plastic_bottle and come back .,./utterance_data/speaker_L/060.wav,will go to lighting sofa catch up Chief plastic bottle and come back,W IH1 L G OW1 T UW1 L AY1 T IH0 NG S OW1 F AH0 K AE1 CH AH1 P CH IY1 F P L AE1 S T IH0 K B AA1 T AH0 L AH0 N D K AH1 M B AE1 K
60,60,Go to Kitchen_Table find a person neayby  er follow a person .,./utterance_data/speaker_L/061.wav,go to kitchen table so I can a person nearby air photo of person,G OW1 T UW1 K IH1 CH AH0 N T EY1 B AH0 L S OW1 AY1 K AE1 N AH0 P ER1 S AH0 N N IH1 R B AY1 EH1 R F OW1 T OW2 AH1 V P ER1 S AH0 N
61,61,Go to Living_Room get Blue_Potato throw it into Dustbin please .,./utterance_data/speaker_L/062.wav,go to living room get through a portal through it into the Dustbin place,G OW1 T UW1 L IH1 V IH0 NG R UW1 M G EH1 T TH R UW1 AH0 P AO1 R T AH0 L TH R UW1 IH1 T IH1 N T UW0 DH AH0 D AH1 S T B IH0 N P L EY1 S
62,62,Can you go to kitchen Grasp bear_doll  bring it to Living_Table .,./utterance_data/speaker_L/063.wav,Caillou go to Kitchen Ross beard or bring it to the living table,S IY1 AH0 AY1 EH1 L EH1 L OW1 Y UW1 G OW1 T UW1 K IH1 CH AH0 N R AA1 S B IH1 R D AO1 R B R IH1 NG IH1 T T UW1 DH AH0 L IH1 V IH0 NG T EY1 B AH0 L
63,63,Would you go to lobby Grasp pink_cup finally come back .,./utterance_data/speaker_L/064.wav,would you go to low be in cop find a comeback,W UH1 D Y UW1 G OW1 T UW1 L OW1 B IY1 IH0 N K AA1 P F AY1 N D AH0 K AH1 M B AE2 K
64,64,Move to Dining_Table  Grasp hourglass  leave the apartment please .,./utterance_data/speaker_L/065.wav,move to dining table grass for hourglass leave the apartment place,M UW1 V T UW1 D AY1 N IH0 NG T EY1 B AH0 L G R AE1 S F AO1 R AW1 ER0 G L AE2 S L IY1 V DH AH0 AH0 P AA1 R T M AH0 N T P L EY1 S
65,65,Would you go to Dining_Sofa get Cloth_Cleaner carry it to Living_Table .,./utterance_data/speaker_L/066.wav,would you go to dining sofa got clothes cleaner Carriage to living table,W UH1 D Y UW1 G OW1 T UW1 D AY1 N IH0 NG S OW1 F AH0 G AA1 T K L OW1 DH Z K L IY1 N ER0 K AE1 R IH0 JH T UW1 L IH1 V IH0 NG T EY1 B AH0 L
66,66,Go to Visitor_Room next find toy_car take it .,./utterance_data/speaker_L/067.wav,go to visit her room next fun toy car tickets,G OW1 T UW1 V IH1 Z IH0 T HH ER1 R UW1 M N EH1 K S T F AH1 N T OY1 K AA1 R T IH1 K AH0 T S
67,67,Go to Dining_Room  go to Side_Table then exit the apartment .,./utterance_data/speaker_L/068.wav,go to dining room table then exhibit their Apartments,G OW1 T UW1 D AY1 N IH0 NG R UW1 M T EY1 B AH0 L DH EH1 N IH0 G Z IH1 B IH0 T DH EH1 R AH0 P AA1 R T M AH0 N T S
68,68,Go to Dining_Room go to Living_Table  and exit from Visitor_Room .,./utterance_data/speaker_L/069.wav,go to dining room go to the living table and exit from Wichita room,G OW1 T UW1 D AY1 N IH0 NG R UW1 M G OW1 T UW1 DH AH0 L IH1 V IH0 NG T EY1 B AH0 L AH0 N D EH1 G Z IH0 T F R AH1 M W IH1 CH AH0 T AO2 R UW1 M
69,69,Go to Dining_Sofa find a person neayby  er follow a person .,./utterance_data/speaker_L/070.wav,go to dining sofa Faneuil person year by year photo of a person,G OW1 T UW1 D AY1 N IH0 NG S OW1 F AH0 F AE1 N Y UW0 IH0 L P ER1 S AH0 N Y IH1 R B AY1 Y IH1 R F OW1 T OW2 AH1 V AH0 P ER1 S AH0 N
70,70,Call a person then ask for an order get Cloth_Cleaner from Dining_Table .,./utterance_data/speaker_L/071.wav,call the person then ask for older got clothes cleaner from dining table,K AO1 L DH AH0 P ER1 S AH0 N DH EH1 N AE1 S K F AO1 R OW1 L D ER0 G AA1 T K L OW1 DH Z K L IY1 N ER0 F R AH1 M D AY1 N IH0 NG T EY1 B AH0 L
71,71,Go to Bar  take spray_bottle put it on Dining_Sofa okay .,./utterance_data/speaker_L/072.wav,go to bar take asprey photo footage on dining Sulphur okay,G OW1 T UW1 B AA1 R T EY1 K AH0 EH1 S P IY1 AA1 R IY1 W AY1 F OW1 T OW2 F UH1 T IH0 JH AA1 N D AY1 N IH0 NG S AH1 L F ER0 OW2 K EY1
72,72,Move to Living_Table  Grasp sauce  leave the apartment please .,./utterance_data/speaker_L/073.wav,what do leaving table raspa Source leave the apartment place,W AH1 T D UW1 L IY1 V IH0 NG T EY1 B AH0 L AA1 R AH0 EH1 S P IY1 AH0 S AO1 R S L IY1 V DH AH0 AH0 P AA1 R T M AH0 N T P L EY1 S
73,73,Go to kitchen  move to Kitchen_Table  finally leave the apartment .,./utterance_data/speaker_L/074.wav,go to kitchen food to kitchen table find any Riverdale Apartments,G OW1 T UW1 K IH1 CH AH0 N F UW1 D T UW1 K IH1 CH AH0 N T EY1 B AH0 L F AY1 N D EH1 N IY0 R IH1 V ER0 D EY2 L AH0 P AA1 R T M AH0 N T S
74,74,Go to Dining_Sofa and find a person neayby bring dog_doll from Living_Table .,./utterance_data/speaker_L/075.wav,go to dining sofa and find a person nearby bring doctor from leaving table,G OW1 T UW1 D AY1 N IH0 NG S OW1 F AH0 AH0 N D F AY1 N D AH0 P ER1 S AH0 N N IH1 R B AY1 B R IH1 NG D AA1 K T ER0 F R AH1 M L IY1 V IH0 NG T EY1 B AH0 L
75,75,Would you go to Sofa get Lemon_Tea carry it to Dining_Table .,./utterance_data/speaker_L/076.wav,would you go to sofa Gattiland multi-character dining table,W UH1 D Y UW1 G OW1 T UW1 S OW1 F AH0 JH IY1 AH0 T IY1 T IY1 AY1 EH1 L AH0 EH1 N D IY1 EH1 M Y UW1 EH1 L T IY1 AY1 S IY1 EY1 CH AH0 AA1 R AH0 S IY1 T IY1 IY1 AA1 R D AY1 N IH0 NG T EY1 B AH0 L
76,76,Go to Kitchen_Room  find a person neayby  finally follow a person .,./utterance_data/speaker_L/077.wav,go to Kitchen you'll find a person nearby find a photo of a person,G OW1 T UW1 K IH1 CH AH0 N Y UW1 L F AY1 N D AH0 P ER1 S AH0 N N IH1 R B AY1 F AY1 N D AH0 F OW1 T OW2 AH1 V AH0 P ER1 S AH0 N
77,77,Go to kitchen  find a person neayby  finally follow a person .,./utterance_data/speaker_L/078.wav,go to Kitchen Thunder person nearby find a follower person,G OW1 T UW1 K IH1 CH AH0 N TH AH1 N D ER0 P ER1 S AH0 N N IH1 R B AY1 F AY1 N D AH0 F AA1 L OW0 ER0 P ER1 S AH0 N
78,78,Go to Dining_Room er find a person neayby bring camera from Dining_Table .,./utterance_data/speaker_L/079.wav,go to dining room are there person nearby bring camera from dining table,G OW1 T UW1 D AY1 N IH0 NG R UW1 M AA1 R DH EH1 R P ER1 S AH0 N N IH1 R B AY1 B R IH1 NG K AE1 M ER0 AH0 F R AH1 M D AY1 N IH0 NG T EY1 B AH0 L
79,79,Go to Visitor_Room Grasp nursing_bottle throw it into Dustbin please .,./utterance_data/speaker_L/080.wav,go to visitor room Crossville nursing bottle through 18 to. Bean paste,G OW1 T UW1 V IH1 Z IH0 T ER0 R UW1 M K R AA1 S V IH0 L N ER1 S IH0 NG B AA1 T AH0 L TH R UW1 W AH1 N EY1 T T IY1 OW1 B IY1 N P EY1 S T
80,80,Go to Living_Room next find Lemon_Tea take it .,./utterance_data/speaker_L/081.wav,go to the living room next fun lemon tea tickets,G OW1 T UW1 DH AH0 L IH1 V IH0 NG R UW1 M N EH1 K S T F AH1 N L EH1 M AH0 N T IY1 T IH1 K AH0 T S
81,81,Go to Dining_Sofa take Red_Potato  leave the apartment please .,./utterance_data/speaker_L/082.wav,go to dining sofa take a red potato leave the apartment please,G OW1 T UW1 D AY1 N IH0 NG S OW1 F AH0 T EY1 K AH0 R EH1 D P AH0 T EY1 T OW2 L IY1 V DH AH0 AH0 P AA1 R T M AH0 N T P L IY1 Z
82,82,Would you go to Bar  take Red_Potato  bring it to Dining_Table .,./utterance_data/speaker_L/083.wav,would you go to bar take a drive potato bring it to dining table,W UH1 D Y UW1 G OW1 T UW1 B AA1 R T EY1 K AH0 D R AY1 V P AH0 T EY1 T OW2 B R IH1 NG IH1 T T UW1 D AY1 N IH0 NG T EY1 B AH0 L
83,83,Well move to Reception_Table Grasp Japanese_Dressing then come back .,./utterance_data/speaker_L/084.wav,will Moto reception table cloths with Japanese the rising then come back,W IH1 L M OW1 T OW0 R IH0 S EH1 P SH AH0 N T EY1 B AH0 L K L AO1 TH S W IH1 DH JH AE2 P AH0 N IY1 Z DH AH0 R AY1 Z IH0 NG DH EH1 N K AH1 M B AE1 K
84,84,Would you go to lobby Grasp toy_penguin finally come back .,./utterance_data/speaker_L/085.wav,would you go to Lobby grass with pipe hanging finally come back,W UH1 D Y UW1 G OW1 T UW1 L AA1 B IY0 G R AE1 S W IH1 DH P AY1 P HH AE1 NG IH0 NG F AY1 N AH0 L IY0 K AH1 M B AE1 K
85,85,Go to lobby er find a person neayby bring cubic_clock from Sofa .,./utterance_data/speaker_L/086.wav,go to Lobby are Fender precision nearby bring a cubic clock from sofa,G OW1 T UW1 L AA1 B IY0 AA1 R F EH1 N D ER0 P R IY0 S IH1 ZH AH0 N N IH1 R B AY1 B R IH1 NG AH0 K Y UW1 B IH0 K K L AA1 K F R AH1 M S OW1 F AH0
86,86,Well get Egg_Soup from Sofa go to Visitor_Room move to Dining_Table .,./utterance_data/speaker_L/087.wav,will get EX soup from sofa go to Whitaker room to dining table,W IH1 L G EH1 T EH1 K S S UW1 P F R AH1 M S OW1 F AH0 G OW1 T UW1 W IH1 T AH0 K ER0 R UW1 M T UW1 D AY1 N IH0 NG T EY1 B AH0 L
87,87,Move to Dining_Table  go to Sofa then exit the apartment .,./utterance_data/speaker_L/088.wav,motor dining table go to sofa then exited the apartments,M OW1 T ER0 D AY1 N IH0 NG T EY1 B AH0 L G OW1 T UW1 S OW1 F AH0 DH EH1 N EH1 G Z AH0 T IH0 D DH AH0 AH0 P AA1 R T M AH0 N T S
88,88,Move to Living_Table get salt place it on Bar okay .,./utterance_data/speaker_L/089.wav,move to living people get swords please a town park okay,M UW1 V T UW1 L IH1 V IH0 NG P IY1 P AH0 L G EH1 T S AO1 R D Z P L IY1 Z AH0 T AW1 N P AA1 R K OW2 K EY1
89,89,Go to Visitor_Room next find Strawberry_Juice take it .,./utterance_data/speaker_L/090.wav,go to visitor room next to find strawberry juice tickets,G OW1 T UW1 V IH1 Z IH0 T ER0 R UW1 M N EH1 K S T T UW1 F AY1 N D S T R AO1 B EH2 R IY0 JH UW1 S T IH1 K AH0 T S
90,90,Go to Corridor take toy_duck put it on Reception_Table please .,./utterance_data/speaker_L/091.wav,go to Corridor take play duck-footed to our reception play table please,G OW1 T UW1 K AO1 R AH0 D ER0 T EY1 K P L EY1 D IY1 Y UW1 S IY1 K EY1 EH1 F OW1 OW1 T IY1 IY1 D IY1 T UW1 AW1 ER0 R IH0 S EH1 P SH AH0 N P L EY1 T EY1 B AH0 L P L IY1 Z
91,91,Well go to Dining_Sofa  take Cup_Noodle finally come back .,./utterance_data/speaker_L/092.wav,they'll go to dining sofa take capelouto finally come back,DH EY1 L G OW1 T UW1 D AY1 N IH0 NG S OW1 F AH0 T EY1 K S IY1 AH0 P IY1 IY1 EH1 L OW1 Y UW1 T IY1 OW1 F AY1 N AH0 L IY0 K AH1 M B AE1 K
92,92,Go to kitchen  go to Living_Sofa er leave the apartment .,./utterance_data/speaker_L/093.wav,go to Kitchen go to living sofa are they Apartments,G OW1 T UW1 K IH1 CH AH0 N G OW1 T UW1 L IH1 V IH0 NG S OW1 F AH0 AA1 R DH EY1 AH0 P AA1 R T M AH0 N T S
93,93,Go to lobby get empty_plastic_bottle throw it into Dustbin please .,./utterance_data/speaker_L/094.wav,go to loby get empty plastic bottle through 18 to. Bean paste,G OW1 T UW1 EH1 L OW1 B IY1 W AY1 G EH1 T EH1 M P T IY0 P L AE1 S T IH0 K B AA1 T AH0 L TH R UW1 W AH1 N EY1 T T IY1 OW1 B IY1 N P EY1 S T
94,94,Would you go to lobby Grasp soysauce er come back .,./utterance_data/speaker_L/095.wav,would you go to Lobby grasp soy sauce are compact,W UH1 D Y UW1 G OW1 T UW1 L AA1 B IY0 G R AE1 S P S OY1 S AO1 S AA1 R K AA1 M P AE0 K T
95,95,Go to Kitchen_Room get twin_bell_alarm_clock throw it into Dustbin please .,./utterance_data/speaker_L/096.wav,go to Kitchen room got chain belt alarm clock through 18 to Dustbin please,G OW1 T UW1 K IH1 CH AH0 N R UW1 M G AA1 T CH EY1 N B EH1 L T AH0 L AA1 R M K L AA1 K TH R UW1 W AH1 N EY1 T T UW1 D AH1 S T B IH0 N P L IY1 Z
96,96,Well go to Kitchen_Table  take Brown_Tea  bring it to Dining_Sofa .,./utterance_data/speaker_L/097.wav,they'll go to kitchen table take raunchy bring it to dining table,DH EY1 L G OW1 T UW1 K IH1 CH AH0 N T EY1 B AH0 L T EY1 K R AO1 N CH IY0 B R IH1 NG IH1 T T UW1 D AY1 N IH0 NG T EY1 B AH0 L
97,97,Go to lobby  go to Reception_Table er leave the apartment .,./utterance_data/speaker_L/098.wav,go to Lobby go to reception table here leave the apartment,G OW1 T UW1 L AA1 B IY0 G OW1 T UW1 R IH0 S EH1 P SH AH0 N T EY1 B AH0 L HH IY1 R L IY1 V DH AH0 AH0 P AA1 R T M AH0 N T
98,98,Would you go to Bar take Red_Potato er come back .,./utterance_data/speaker_L/099.wav,would you go to Bar taking dried potato here come back,W UH1 D Y UW1 G OW1 T UW1 B AA1 R T EY1 K IH0 NG D R AY1 D P AH0 T EY1 T OW2 HH IY1 R K AH1 M B AE1 K
99,99,Would you go to lobby Grasp toy_duck finally come back .,./utterance_data/speaker_L/100.wav,would you go to the ob toy duck finally come back,W UH1 D Y UW1 G OW1 T UW1 DH AH0 OW1 B IY1 T OY1 D AH1 K F AY1 N AH0 L IY0 K AH1 M B AE1 K
