,index,filename,original_sentence,google_word,google_phoneme
0,0,./utterance_data/speaker_T/001.wav,Well go to Sofa  take empty_ketchup finally come back .,where to go to Safari take an empty SketchUp finally come back,W EH1 R T UW1 G OW1 T UW1 S AH0 F AA1 R IY0 T EY1 K AE1 N EH1 M P T IY0 EH1 S K EY1 IY1 T IY1 S IY1 EY1 CH Y UW1 P IY1 F AY1 N AH0 L IY0 K AH1 M B AE1 K
1,1,./utterance_data/speaker_T/002.wav,Go to Dining_Sofa next detect camera  take it .,go to dining sofa next deck camera decorate,G OW1 T UW1 D AY1 N IH0 NG S OW1 F AH0 N EH1 K S T D EH1 K K AE1 M ER0 AH0 D EH1 K ER0 EY2 T
2,2,./utterance_data/speaker_T/003.wav,Move to Living_Table  grasp Bleach  leave the apartment please .,movie during table grass Bridge apartment please,M UW1 V IY0 D UH1 R IH0 NG T EY1 B AH0 L G R AE1 S B R IH1 JH AH0 P AA1 R T M AH0 N T P L IY1 Z
3,3,./utterance_data/speaker_T/004.wav,Go to Sofa  take Cup_Star put it on Living_Table okay .,go to Suffern take out put it on living table okay,G OW1 T UW1 S AH1 F ER0 N T EY1 K AW1 T P UH1 T IH1 T AA1 N L IH1 V IH0 NG T EY1 B AH0 L OW2 K EY1
4,4,./utterance_data/speaker_T/005.wav,Go to Kitchen_Table move to Living_Table take Red_Tea .,go to kitchen table to reading table decorated,G OW1 T UW1 K IH1 CH AH0 N T EY1 B AH0 L T UW1 R IY1 D IH0 NG T EY1 B AH0 L D EH1 K ER0 EY2 T IH0 D
5,5,./utterance_data/speaker_T/006.wav,Can you move to Living_Table get toy_car then come back .,can you move do dipping table get the car then come back,K AE1 N Y UW1 M UW1 V D UW1 D IH1 P IH0 NG T EY1 B AH0 L G EH1 T DH AH0 K AA1 R DH EH1 N K AH1 M B AE1 K
6,6,./utterance_data/speaker_T/007.wav,Move to Side_Table get ground_pepper place it on Sofa okay .,Bluetooth side table Grand paper,B L UW1 T UW2 TH S AY1 D T EY1 B AH0 L G R AE1 N D P EY1 P ER0
7,7,./utterance_data/speaker_T/008.wav,Would you go to Kitchen_Table  take sugar  bring it to Side_Table .,but you go to kitchen table text Sugar bring it to side table,B AH1 T Y UW1 G OW1 T UW1 K IH1 CH AH0 N T EY1 B AH0 L T EH1 K S T SH UH1 G ER0 B R IH1 NG IH1 T T UW1 S AY1 D T EY1 B AH0 L
8,8,./utterance_data/speaker_T/009.wav,Can you move to Side_Table get salt then come back .,can you move to South ever get South then come back,K AE1 N Y UW1 M UW1 V T UW1 S AW1 TH EH1 V ER0 G EH1 T S AW1 TH DH EH1 N K AH1 M B AE1 K
9,9,./utterance_data/speaker_T/010.wav,Go to Visitor_Room take canned_juice put it on Bar please .,go to beach and take a can't just put it down bad,G OW1 T UW1 B IY1 CH AH0 N D T EY1 K AH0 K AE1 N T JH AH1 S T P UH1 T IH1 T D AW1 N B AE1 D
10,10,./utterance_data/speaker_T/011.wav,Move to Sofa  go to Bar then exit the apartment .,movie do so far go to back then exit the apartment,M UW1 V IY0 D UW1 S OW1 F AA1 R G OW1 T UW1 B AE1 K DH EH1 N EH1 G Z IH0 T DH AH0 AH0 P AA1 R T M AH0 N T
11,11,./utterance_data/speaker_T/012.wav,Well get Cup_Noodle from Living_Table go to Dining_Room move to Sofa .,where to get cup noodle from a make table go to dining room,W EH1 R T UW1 G EH1 T K AH1 P N UW1 D AH0 L F R AH1 M AH0 M EY1 K T EY1 B AH0 L G OW1 T UW1 D AY1 N IH0 NG R UW1 M
12,12,./utterance_data/speaker_T/013.wav,Call a person then ask for an order get Brown_Tea from Reception_Table .,go to person then ask for other get Brandy from reception table,G OW1 T UW1 P ER1 S AH0 N DH EH1 N AE1 S K F AO1 R AH1 DH ER0 G EH1 T B R AE1 N D IY0 F R AH1 M R IH0 S EH1 P SH AH0 N T EY1 B AH0 L
13,13,./utterance_data/speaker_T/014.wav,Can you bring nursing_bottle from Bar go to Kitchen_Room move to Sofa .,can you bring glass bottle from Fargo to Kitchen room with sofa,K AE1 N Y UW1 B R IH1 NG G L AE1 S B AA1 T AH0 L F R AH1 M F AA1 R G OW2 T UW1 K IH1 CH AH0 N R UW1 M W IH1 DH S OW1 F AH0
14,14,./utterance_data/speaker_T/015.wav,Can you bring filled_ketchup from Sofa go to lobby move to Reception_Table .,can you bring Ketchup from so far go to OBD2 deception table,K AE1 N Y UW1 B R IH1 NG K EH1 CH AH0 P F R AH1 M S OW1 F AA1 R G OW1 T UW1 OW1 B IY1 D IY1 T UW1 D IH0 S EH1 P SH AH0 N T EY1 B AH0 L
15,15,./utterance_data/speaker_T/016.wav,Would you go to Dining_Table  take spray_bottle  bring it to Living_Sofa .,would you go to dining table take spray bottle Living sofa,W UH1 D Y UW1 G OW1 T UW1 D AY1 N IH0 NG T EY1 B AH0 L T EY1 K S P R EY1 B AA1 T AH0 L L IH1 V IH0 NG S OW1 F AH0
16,16,./utterance_data/speaker_T/017.wav,Go to lobby  move to Dining_Table  finally leave the apartment .,go to Robbie Rebel to dining table finally apartment,G OW1 T UW1 R AA1 B IY0 R EH1 B AH0 L T UW1 D AY1 N IH0 NG T EY1 B AH0 L F AY1 N AH0 L IY0 AH0 P AA1 R T M AH0 N T
17,17,./utterance_data/speaker_T/018.wav,Would you move to Reception_Table grasp dog_doll and come back .,Virgin Mobile reception table grass dog door and come back,V ER1 JH IH0 N M OW1 B AH0 L R IH0 S EH1 P SH AH0 N T EY1 B AH0 L G R AE1 S D AO1 G D AO1 R AH0 N D K AH1 M B AE1 K
18,18,./utterance_data/speaker_T/019.wav,Move to Living_Table  grasp Cup_Noodle  leave the apartment please .,LIberty Leading table glass cup noodle attachment,L IH1 B ER0 T IY2 L IY1 D IH0 NG T EY1 B AH0 L G L AE1 S K AH1 P N UW1 D AH0 L AH0 T AE1 CH M AH0 N T
19,19,./utterance_data/speaker_T/020.wav,Can you go to Side_Table take cigarette carry it to Bar .,can you go to start the take cigarette carry it to buy,K AE1 N Y UW1 G OW1 T UW1 S T AA1 R T DH AH0 T EY1 K S IH2 G ER0 EH1 T K AE1 R IY0 IH1 T T UW1 B AY1
20,20,./utterance_data/speaker_T/021.wav,Can you go to Kitchen_Table take apple carry it to Living_Table .,can you go to kitchen table after 38 the living table,K AE1 N Y UW1 G OW1 T UW1 K IH1 CH AH0 N T EY1 B AH0 L AE1 F T ER0 TH R IY1 EY1 T DH AH0 L IH1 V IH0 NG T EY1 B AH0 L
21,21,./utterance_data/speaker_T/022.wav,Go to Corridor er find a person neayby bring sauce from Dining_Sofa .,go to CODA find a person Rings sauce from dining sofa,G OW1 T UW1 K OW1 D AH0 F AY1 N D AH0 P ER1 S AH0 N R IH1 NG Z S AO1 S F R AH1 M D AY1 N IH0 NG S OW1 F AH0
22,22,./utterance_data/speaker_T/023.wav,Well go to Side_Table  take Korean_Soup finally come back .,where to go to side table 10 CareerSource finally,W EH1 R T UW1 G OW1 T UW1 S AY1 D T EY1 B AH0 L W AH1 N Z IH1 R OW0 S IY1 AH0 AA1 R IY1 IY1 AA1 R EH1 S OW1 Y UW1 AA1 R S IY1 IY1 F AY1 N AH0 L IY0
23,23,./utterance_data/speaker_T/024.wav,Go to Dining_Sofa find a person neayby  er follow a person .,go to dining sofa find a person nearby,G OW1 T UW1 D AY1 N IH0 NG S OW1 F AH0 F AY1 N D AH0 P ER1 S AH0 N N IH1 R B AY1
24,24,./utterance_data/speaker_T/025.wav,Would you move to Reception_Table take Orange_Juice then come back .,the gym abadula special table take orange juice then come back,DH AH0 JH IH1 M AH0 B IY1 AH0 D IY1 Y UW1 EH1 L AH0 S P EH1 SH AH0 L T EY1 B AH0 L T EY1 K AO1 R AH0 N JH JH UW1 S DH EH1 N K AH1 M B AE1 K
25,25,./utterance_data/speaker_T/026.wav,Would you move to Side_Table take dog_doll then come back .,did you move it to the side table take doctor then come back,D IH1 D Y UW1 M UW1 V IH1 T T UW1 DH AH0 S AY1 D T EY1 B AH0 L T EY1 K D AA1 K T ER0 DH EH1 N K AH1 M B AE1 K
26,26,./utterance_data/speaker_T/027.wav,Go to lobby take empty_ketchup put it on Dining_Table please .,go to lovey take empty ketchup put it on dining table,G OW1 T UW1 EH1 L OW1 V IY1 IY1 W AY1 T EY1 K EH1 M P T IY0 K EH1 CH AH0 P P UH1 T IH1 T AA1 N D AY1 N IH0 NG T EY1 B AH0 L
27,27,./utterance_data/speaker_T/028.wav,Would you go to Sofa  take Cup_Star  bring it to Side_Table .,would you go to Sofitel kapstadt bring it to size,W UH1 D Y UW1 G OW1 T UW1 S AA1 F AH0 T EH2 L K EY1 AH0 P IY1 EH1 S T IY1 AH0 D IY1 T IY1 B R IH1 NG IH1 T T UW1 S AY1 Z
28,28,./utterance_data/speaker_T/029.wav,Go to Living_Sofa get Korean_Soup  exit from Kitchen_Room okay .,go to living so far get Korea Civ exit for kids in love okay,G OW1 T UW1 L IH1 V IH0 NG S OW1 F AA1 R G EH1 T K AO2 R IY1 AH0 S IY1 AY1 V IY1 EH1 G Z IH0 T F AO1 R K IH1 D Z IH0 N L AH1 V OW2 K EY1
29,29,./utterance_data/speaker_T/030.wav,Go to Bar find a person neayby  er follow a person .,go to bed find a person for me a puzzle,G OW1 T UW1 B EH1 D F AY1 N D AH0 P ER1 S AH0 N F AO1 R M IY1 AH0 P AH1 Z AH0 L
30,30,./utterance_data/speaker_T/031.wav,Can you go to lobby get canned_juice then come back .,can you go to the way I get confused and come back,K AE1 N Y UW1 G OW1 T UW1 DH AH0 W EY1 AY1 G EH1 T K AH0 N F Y UW1 Z D AH0 N D K AH1 M B AE1 K
31,31,./utterance_data/speaker_T/032.wav,Well move to Living_Table Grasp Brown_Tea then come back .,where the writing-table grass prante,W EH1 R DH AH0 D AH1 B AH0 L Y UW0 AA1 R AY1 T IY1 AY1 EH1 N JH IY1 T IY1 AH0 B IY1 EH1 L IY1 G R AE1 S P IY1 AA1 R AH0 EH1 N T IY1 IY1
32,32,./utterance_data/speaker_T/033.wav,Go to Dining_Table Grasp filled_plastic_bottle  leave the apartment please .,go to dining room table last paid classic Water Department please,G OW1 T UW1 D AY1 N IH0 NG R UW1 M T EY1 B AH0 L L AE1 S T P EY1 D K L AE1 S IH0 K W AO1 T ER0 D IH0 P AA1 R T M AH0 N T P L IY1 Z
33,33,./utterance_data/speaker_T/034.wav,Well move to Reception_Table Grasp Japanese_Tea then come back .,Play the movie to deception Taylor Japanese tea come back,P L EY1 DH AH0 M UW1 V IY0 T UW1 D IH0 S EH1 P SH AH0 N T EY1 L ER0 JH AE2 P AH0 N IY1 Z T IY1 K AH1 M B AE1 K
34,34,./utterance_data/speaker_T/035.wav,Go to lobby Grasp nursing_bottle throw it into Dustbin please .,go to Ruby Crest Nursing,G OW1 T UW1 R UW1 B IY0 K R EH1 S T N ER1 S IH0 NG
35,35,./utterance_data/speaker_T/036.wav,Can you go to Visitor_Room get Japanese_Tea then come back .,go to Robbie grass nursing butter throw it into the spin please,G OW1 T UW1 R AA1 B IY0 G R AE1 S N ER1 S IH0 NG B AH1 T ER0 TH R OW1 IH1 T IH1 N T UW0 DH AH0 S P IH1 N P L IY1 Z
36,36,./utterance_data/speaker_T/037.wav,Go to kitchen next find Cup_Noodle take it .,go to Kitchen next five cup noodle,G OW1 T UW1 K IH1 CH AH0 N N EH1 K S T F AY1 V K AH1 P N UW1 D AH0 L
37,37,./utterance_data/speaker_T/038.wav,Can you go to Visitor_Room get toy_penguin then come back .,can you go to potato to get a comeback,K AE1 N Y UW1 G OW1 T UW1 P AH0 T EY1 T OW2 T UW1 G EH1 T AH0 K AH1 M B AE2 K
38,38,./utterance_data/speaker_T/039.wav,Well get Bath_Cleaner from Living_Table go to Visitor_Room go to Living_Room .,where to get a screen from being disabled go to the beach Tulum go to the bingo,W EH1 R T UW1 G EH1 T AH0 S K R IY1 N F R AH1 M B IY1 IH0 NG D IH0 S EY1 B AH0 L D G OW1 T UW1 DH AH0 B IY1 CH T IY1 Y UW1 EH1 L Y UW1 EH1 M G OW1 T UW1 DH AH0 B IH1 NG G OW0
39,39,./utterance_data/speaker_T/040.wav,Would you go to Dining_Room Grasp pink_cup er come back .,would you go to dining room pink cap come back,W UH1 D Y UW1 G OW1 T UW1 D AY1 N IH0 NG R UW1 M P IH1 NG K K AE1 P K AH1 M B AE1 K
40,40,./utterance_data/speaker_T/041.wav,Go to Dining_Sofa  take Korean_Soup put it on Bar okay .,go to Danny guccifer take Korean soup retreat,G OW1 T UW1 D AE1 N IY0 JH IY1 Y UW1 S IY1 S IY1 AY1 EH1 F IY1 AA1 R T EY1 K K AO2 R IY1 AH0 N S UW1 P R IY0 T R IY1 T
41,41,./utterance_data/speaker_T/042.wav,Go to lobby take nursing_bottle put it on Bar please .,go to Robbie Tech nursing butter put it on Bob braids,G OW1 T UW1 R AA1 B IY0 T EH1 K N ER1 S IH0 NG B AH1 T ER0 P UH1 T IH1 T AA1 N B AA1 B B R EY1 D Z
42,42,./utterance_data/speaker_T/043.wav,Call a person then ask for an order get cubic_clock from Bar .,Coda person ask for an odor get cubic clock from,K OW1 D AH0 P ER1 S AH0 N AE1 S K F AO1 R AE1 N OW1 D ER0 G EH1 T K Y UW1 B IH0 K K L AA1 K F R AH1 M
43,43,./utterance_data/speaker_T/044.wav,Go to Corridor get Red_Tea throw it into Dustbin please .,go to Kotor there get ready throw it into test me please,G OW1 T UW1 K EY1 OW1 T IY1 OW1 AA1 R DH EH1 R G EH1 T R EH1 D IY0 TH R OW1 IH1 T IH1 N T UW0 T EH1 S T M IY1 P L IY1 Z
44,44,./utterance_data/speaker_T/045.wav,Go to Kitchen_Room  go to Dining_Sofa er leave the apartment .,go to Kitchener go to dining staff at the apartment,G OW1 T UW1 K IH1 CH AH0 N ER0 G OW1 T UW1 D AY1 N IH0 NG S T AE1 F AE1 T DH AH0 AH0 P AA1 R T M AH0 N T
45,45,./utterance_data/speaker_T/046.wav,Go to Side_Table find a person neayby  er follow a person .,go to side table find a person by photo at peso,G OW1 T UW1 S AY1 D T EY1 B AH0 L F AY1 N D AH0 P ER1 S AH0 N B AY1 F OW1 T OW2 AE1 T P EY1 S OW0
46,46,./utterance_data/speaker_T/047.wav,Move to Kitchen_Table  go to Living_Sofa then exit the apartment .,Liberty kitchen table go to living so far is it Apartments,L IH1 B ER0 T IY2 K IH1 CH AH0 N T EY1 B AH0 L G OW1 T UW1 L IH1 V IH0 NG S OW1 F AA1 R IH1 Z IH1 T AH0 P AA1 R T M AH0 N T S
47,47,./utterance_data/speaker_T/048.wav,Go to Living_Sofa  take filled_ketchup put it on Kitchen_Table okay .,go to the wings of a tech fair catch up to date on kitchen table okay,G OW1 T UW1 DH AH0 W IH1 NG Z AH1 V AH0 T EH1 K F EH1 R K AE1 CH AH1 P T UW1 D EY1 T AA1 N K IH1 CH AH0 N T EY1 B AH0 L OW2 K EY1
48,48,./utterance_data/speaker_T/049.wav,Can you move to Kitchen_Table get rabbit_doll then come back .,Calumet to Kitchen Tyler get out the door then come back,K AE2 L Y AH0 M EH1 T T UW1 K IH1 CH AH0 N T AY1 L ER0 G EH1 T AW1 T DH AH0 D AO1 R DH EH1 N K AH1 M B AE1 K
49,49,./utterance_data/speaker_T/050.wav,Well get toy_car from Sofa go to bed_room move to Living_Table .,where to get toy car from sofa go to bedroom home to living table,W EH1 R T UW1 G EH1 T T OY1 K AA1 R F R AH1 M S OW1 F AH0 G OW1 T UW1 B EH1 D R UW2 M HH OW1 M T UW1 L IH1 V IH0 NG T EY1 B AH0 L
50,50,./utterance_data/speaker_T/051.wav,Go to Side_Table next detect toy_duck  take it .,go to side table next tide at Target,G OW1 T UW1 S AY1 D T EY1 B AH0 L N EH1 K S T T AY1 D AE1 T T AA1 R G AH0 T
51,51,./utterance_data/speaker_T/052.wav,Go to Visitor_Room get toy_penguin throw it into Dustbin please .,go to visit Aurora get type and throw it into that's being played,G OW1 T UW1 V IH1 Z IH0 T ER0 AO1 R AH0 G EH1 T T AY1 P AH0 N D TH R OW1 IH1 T IH1 N T UW0 DH AE1 T S B IY1 IH0 NG P L EY1 D
52,52,./utterance_data/speaker_T/053.wav,Would you move to Dining_Sofa get hourglass bring it to Side_Table .,Jim Abbott do dining suffragette fagus bring it to side table,JH IH1 M AE1 B AH0 T D UW1 D AY1 N IH0 NG S AH2 F R AH0 JH EH1 T EH1 F AH0 JH IY1 Y UW1 EH1 S B R IH1 NG IH1 T T UW1 S AY1 D T EY1 B AH0 L
53,53,./utterance_data/speaker_T/054.wav,Would you move to Bar Grasp rubik's_cube and come back .,the gym abbotabad grass Rubik's Cube and catback,DH AH0 JH IH1 M AH0 B IY1 B IY1 OW1 T IY1 AH0 B IY1 AH0 D IY1 G R AE1 S R UW1 B IH0 K S K Y UW1 B AH0 N D S IY1 AH0 T IY1 B IY1 AH0 S IY1 K EY1
54,54,./utterance_data/speaker_T/055.wav,Go to Kitchen_Room Grasp camera throw it into Dustbin please .,go to Kitchen gas camera throw it into testing place,G OW1 T UW1 K IH1 CH AH0 N G AE1 S K AE1 M ER0 AH0 TH R OW1 IH1 T IH1 N T UW0 T EH1 S T IH0 NG P L EY1 S
55,55,./utterance_data/speaker_T/056.wav,Would you go to Sofa take Chip_Star er come back .,did you go to suffer take chipsa comeback,D IH1 D Y UW1 G OW1 T UW1 S AH1 F ER0 T EY1 K S IY1 EY1 CH AY1 P IY1 EH1 S AH0 K AH1 M B AE2 K
56,56,./utterance_data/speaker_T/057.wav,Go to Visitor_Room next find apple Grasp it .,go to Big Data next find Apple,G OW1 T UW1 B IH1 G D EY1 T AH0 N EH1 K S T F AY1 N D AE1 P AH0 L
57,57,./utterance_data/speaker_T/058.wav,Well go to Kitchen_Table  take dog_doll finally come back .,well go to kitchen table take doctor finally come back,W EH1 L G OW1 T UW1 K IH1 CH AH0 N T EY1 B AH0 L T EY1 K D AA1 K T ER0 F AY1 N AH0 L IY0 K AH1 M B AE1 K
58,58,./utterance_data/speaker_T/059.wav,Would you go to Kitchen_Table  take rubik's_cube  bring it to Dining_Table .,would you go to kitchen table to dining table,W UH1 D Y UW1 G OW1 T UW1 K IH1 CH AH0 N T EY1 B AH0 L T UW1 D AY1 N IH0 NG T EY1 B AH0 L
59,59,./utterance_data/speaker_T/060.wav,Well move to Living_Sofa get empty_plastic_bottle and come back .,Spider-Man Badoo dating sofa get empty plastic bottle and come back,S P AY1 D ER0 M AE0 N B IY1 AH0 D IY1 OW1 OW1 D EY1 T IH0 NG S OW1 F AH0 G EH1 T EH1 M P T IY0 P L AE1 S T IH0 K B AA1 T AH0 L AH0 N D K AH1 M B AE1 K
60,60,./utterance_data/speaker_T/061.wav,Go to Kitchen_Table find a person neayby  er follow a person .,go to kitchen table find a person nearby for apostle,G OW1 T UW1 K IH1 CH AH0 N T EY1 B AH0 L F AY1 N D AH0 P ER1 S AH0 N N IH1 R B AY1 F AO1 R AH0 P AA1 S AH0 L
61,61,./utterance_data/speaker_T/062.wav,Go to Living_Room get Blue_Potato throw it into Dustbin please .,go to living room get potato throw it in the dust being please,G OW1 T UW1 L IH1 V IH0 NG R UW1 M G EH1 T P AH0 T EY1 T OW2 TH R OW1 IH1 T IH0 N DH AH0 D AH1 S T B IY1 IH0 NG P L IY1 Z
62,62,./utterance_data/speaker_T/063.wav,Can you go to kitchen Grasp bear_doll  bring it to Living_Table .,can you go to Kitchen craft bring it to living table,K AE1 N Y UW1 G OW1 T UW1 K IH1 CH AH0 N K R AE1 F T B R IH1 NG IH1 T T UW1 L IH1 V IH0 NG T EY1 B AH0 L
63,63,./utterance_data/speaker_T/064.wav,Would you go to lobby Grasp pink_cup finally come back .,Buju go to Robbie grasping cup,B IY1 Y UW1 JH EY1 Y UW1 G OW1 T UW1 R AA1 B IY0 G R AE1 S P IH0 NG K AH1 P
64,64,./utterance_data/speaker_T/065.wav,Move to Dining_Table  Grasp hourglass  leave the apartment please .,Liberty dining table grasp Hollow glass please,L IH1 B ER0 T IY2 D AY1 N IH0 NG T EY1 B AH0 L G R AE1 S P HH AA1 L OW0 G L AE1 S P L IY1 Z
65,65,./utterance_data/speaker_T/066.wav,Would you go to Dining_Sofa get Cloth_Cleaner carry it to Living_Table .,would you go to dining sofa get girls Crainer carry 8 to living tab,W UH1 D Y UW1 G OW1 T UW1 D AY1 N IH0 NG S OW1 F AH0 G EH1 T G ER1 L Z S IY1 AA1 R AH0 AY1 EH1 N IY1 AA1 R K AE1 R IY0 EY1 T T UW1 L IH1 V IH0 NG T AE1 B
66,66,./utterance_data/speaker_T/067.wav,Go to Visitor_Room next find toy_car take it .,go to Bitterroot next find the car,G OW1 T UW1 B IH1 T ER0 R UW2 T N EH1 K S T F AY1 N D DH AH0 K AA1 R
67,67,./utterance_data/speaker_T/068.wav,Go to Dining_Room  go to Side_Table then exit the apartment .,go to dining room go to side table,G OW1 T UW1 D AY1 N IH0 NG R UW1 M G OW1 T UW1 S AY1 D T EY1 B AH0 L
68,68,./utterance_data/speaker_T/069.wav,Go to Dining_Room go to Living_Table  and exit from Visitor_Room .,go to dining room go to the training table at exit for pistol,G OW1 T UW1 D AY1 N IH0 NG R UW1 M G OW1 T UW1 DH AH0 T R EY1 N IH0 NG T EY1 B AH0 L AE1 T EH1 G Z IH0 T F AO1 R P IH1 S T AH0 L
69,69,./utterance_data/speaker_T/070.wav,Go to Dining_Sofa find a person neayby  er follow a person .,go to Danny sofa find a person nearby,G OW1 T UW1 D AE1 N IY0 S OW1 F AH0 F AY1 N D AH0 P ER1 S AH0 N N IH1 R B AY1
70,70,./utterance_data/speaker_T/071.wav,Call a person then ask for an order get Cloth_Cleaner from Dining_Table .,call the Apostle ask for older get throat cleaner from dining table,K AO1 L DH AH0 AH0 P AA1 S AH0 L AE1 S K F AO1 R OW1 L D ER0 G EH1 T TH R OW1 T K L IY1 N ER0 F R AH1 M D AY1 N IH0 NG T EY1 B AH0 L
71,71,./utterance_data/speaker_T/072.wav,Go to Bar  take spray_bottle put it on Dining_Sofa okay .,Nothing by take a spray bottle put it on dining Sulphur okay,N AH1 TH IH0 NG B AY1 T EY1 K AH0 S P R EY1 B AA1 T AH0 L P UH1 T IH1 T AA1 N D AY1 N IH0 NG S AH1 L F ER0 OW2 K EY1
72,72,./utterance_data/speaker_T/073.wav,Move to Living_Table  Grasp sauce  leave the apartment please .,navigate to readings Taylor grasp sauce apartment,N AE1 V AH0 G EY2 T T UW1 R IY1 D IH0 NG Z T EY1 L ER0 G R AE1 S P S AO1 S AH0 P AA1 R T M AH0 N T
73,73,./utterance_data/speaker_T/074.wav,Go to kitchen  move to Kitchen_Table  finally leave the apartment .,go to kitchen table to the kitchen table finally leave his apartment,G OW1 T UW1 K IH1 CH AH0 N T EY1 B AH0 L T UW1 DH AH0 K IH1 CH AH0 N T EY1 B AH0 L F AY1 N AH0 L IY0 L IY1 V HH IH1 Z AH0 P AA1 R T M AH0 N T
74,74,./utterance_data/speaker_T/075.wav,Go to Dining_Sofa and find a person neayby bring dog_doll from Living_Table .,go to dining sofa and find a Paso nearby bring doctor from leaving the tab,G OW1 T UW1 D AY1 N IH0 NG S OW1 F AH0 AH0 N D F AY1 N D AH0 P AE1 S OW0 N IH1 R B AY1 B R IH1 NG D AA1 K T ER0 F R AH1 M L IY1 V IH0 NG DH AH0 T AE1 B
75,75,./utterance_data/speaker_T/076.wav,Would you go to Sofa get Lemon_Tea carry it to Dining_Table .,would you go to sofa get 78 the dining table,W UH1 D Y UW1 G OW1 T UW1 S OW1 F AH0 G EH1 T S EH1 V AH0 N EY1 T DH AH0 D AY1 N IH0 NG T EY1 B AH0 L
76,76,./utterance_data/speaker_T/077.wav,Go to Kitchen_Room  find a person neayby  finally follow a person .,go to Kitchen Wyandotte Plaza,G OW1 T UW1 K IH1 CH AH0 N D AH1 B AH0 L Y UW0 W AY1 AH0 EH1 N D IY1 OW1 T IY1 T IY1 IY1 P L AA1 Z AH0
77,77,./utterance_data/speaker_T/078.wav,Go to kitchen  find a person neayby  finally follow a person .,would you go to so far today I want a carioca dining table,W UH1 D Y UW1 G OW1 T UW1 S OW1 F AA1 R T AH0 D EY1 AY1 W AA1 N T AH0 K EH2 R IY0 OW1 K AH0 D AY1 N IH0 NG T EY1 B AH0 L
78,78,./utterance_data/speaker_T/079.wav,Go to Dining_Room er find a person neayby bring camera from Dining_Table .,go to dining room I'll find the puzzle nearby bring camera from dining table,G OW1 T UW1 D AY1 N IH0 NG R UW1 M AY1 L F AY1 N D DH AH0 P AH1 Z AH0 L N IH1 R B AY1 B R IH1 NG K AE1 M ER0 AH0 F R AH1 M D AY1 N IH0 NG T EY1 B AH0 L
79,79,./utterance_data/speaker_T/080.wav,Go to Visitor_Room Grasp nursing_bottle throw it into Dustbin please .,Golden Pizza Durham nothing but throw it into Destiny please,G OW1 L D AH0 N P IY1 T S AH0 D ER1 AH0 M N AH1 TH IH0 NG B AH1 T TH R OW1 IH1 T IH1 N T UW0 D EH1 S T AH0 N IY0 P L IY1 Z
80,80,./utterance_data/speaker_T/081.wav,Go to Living_Room next find Lemon_Tea take it .,go to Dominguez next find remedy take,G OW1 T UW1 D AH0 M IH1 NG IH0 Z N EH1 K S T F AY1 N D R EH1 M AH0 D IY0 T EY1 K
81,81,./utterance_data/speaker_T/082.wav,Go to Dining_Sofa take Red_Potato  leave the apartment please .,go to dining sofa bed Pottery apartment please,G OW1 T UW1 D AY1 N IH0 NG S OW1 F AH0 B EH1 D P AA1 T ER0 IY0 AH0 P AA1 R T M AH0 N T P L IY1 Z
82,82,./utterance_data/speaker_T/083.wav,Would you go to Bar  take Red_Potato  bring it to Dining_Table .,go to go to buy take me to deposit bring it to dining table,G OW1 T UW1 G OW1 T UW1 B AY1 T EY1 K M IY1 T UW1 D AH0 P AA1 Z IH0 T B R IH1 NG IH1 T T UW1 D AY1 N IH0 NG T EY1 B AH0 L
83,83,./utterance_data/speaker_T/084.wav,Well move to Reception_Table Grasp Japanese_Dressing then come back .,well Motel reception table grasp Japanese dressing,W EH1 L M OW0 T EH1 L R IH0 S EH1 P SH AH0 N T EY1 B AH0 L G R AE1 S P JH AE2 P AH0 N IY1 Z D R EH1 S IH0 NG
84,84,./utterance_data/speaker_T/085.wav,Would you go to lobby Grasp toy_penguin finally come back .,would you go to kobe last time hanging finally come back,W UH1 D Y UW1 G OW1 T UW1 K OW1 B EY0 L AE1 S T T AY1 M HH AE1 NG IH0 NG F AY1 N AH0 L IY0 K AH1 M B AE1 K
85,85,./utterance_data/speaker_T/086.wav,Go to lobby er find a person neayby bring cubic_clock from Sofa .,go to Ruby find a person nearby cubic clock from,G OW1 T UW1 R UW1 B IY0 F AY1 N D AH0 P ER1 S AH0 N N IH1 R B AY1 K Y UW1 B IH0 K K L AA1 K F R AH1 M
86,86,./utterance_data/speaker_T/087.wav,Well get Egg_Soup from Sofa go to Visitor_Room move to Dining_Table .,where to get excerpt from sofa dining table,W EH1 R T UW1 G EH1 T EH1 K S ER0 P T F R AH1 M S OW1 F AH0 D AY1 N IH0 NG T EY1 B AH0 L
87,87,./utterance_data/speaker_T/088.wav,Move to Dining_Table  go to Sofa then exit the apartment .,movie do dining table go to safa apartments,M UW1 V IY0 D UW1 D AY1 N IH0 NG T EY1 B AH0 L G OW1 T UW1 EH1 S AH0 EH1 F AH0 AH0 P AA1 R T M AH0 N T S
88,88,./utterance_data/speaker_T/089.wav,Move to Living_Table get salt place it on Bar okay .,mobile during Tara gets South price it by okay,M OW1 B AH0 L D UH1 R IH0 NG T EH1 R AH0 G EH1 T S S AW1 TH P R AY1 S IH1 T B AY1 OW2 K EY1
89,89,./utterance_data/speaker_T/090.wav,Go to Visitor_Room next find Strawberry_Juice take it .,go to Bristol next find strawberry juice,G OW1 T UW1 B R IH1 S T AH0 L N EH1 K S T F AY1 N D S T R AO1 B EH2 R IY0 JH UW1 S
90,90,./utterance_data/speaker_T/091.wav,Go to Corridor take toy_duck put it on Reception_Table please .,go to Korea take put it on the table please,G OW1 T UW1 K AO2 R IY1 AH0 T EY1 K P UH1 T IH1 T AA1 N DH AH0 T EY1 B AH0 L P L IY1 Z
91,91,./utterance_data/speaker_T/092.wav,Well go to Dining_Sofa  take Cup_Noodle finally come back .,where to go to dining sofa tag cup noodle,W EH1 R T UW1 G OW1 T UW1 D AY1 N IH0 NG S OW1 F AH0 T AE1 G K AH1 P N UW1 D AH0 L
92,92,./utterance_data/speaker_T/093.wav,Go to kitchen  go to Living_Sofa er leave the apartment .,go to Kitchen go to reading sofa Batman,G OW1 T UW1 K IH1 CH AH0 N G OW1 T UW1 R IY1 D IH0 NG S OW1 F AH0 B AE1 T M AE2 N
93,93,./utterance_data/speaker_T/094.wav,Go to lobby get empty_plastic_bottle throw it into Dustbin please .,go to Robbie get empty plastic bottle throw it into testing place,G OW1 T UW1 R AA1 B IY0 G EH1 T EH1 M P T IY0 P L AE1 S T IH0 K B AA1 T AH0 L TH R OW1 IH1 T IH1 N T UW0 T EH1 S T IH0 NG P L EY1 S
94,94,./utterance_data/speaker_T/095.wav,Would you go to lobby Grasp soysauce er come back .,would you go to Lobby grasp soy sauce I'll come back,W UH1 D Y UW1 G OW1 T UW1 L AA1 B IY0 G R AE1 S P S OY1 S AO1 S AY1 L K AH1 M B AE1 K
95,95,./utterance_data/speaker_T/096.wav,Go to Kitchen_Room get twin_bell_alarm_clock throw it into Dustbin please .,go to Kitchen on get symbol alarm clock throw it in the dash mean,G OW1 T UW1 K IH1 CH AH0 N AA1 N G EH1 T S IH1 M B AH0 L AH0 L AA1 R M K L AA1 K TH R OW1 IH1 T IH0 N DH AH0 D AE1 SH M IY1 N
96,96,./utterance_data/speaker_T/097.wav,Well go to Kitchen_Table  take Brown_Tea  bring it to Dining_Sofa .,well go to kitchen table take Brandy Brands 18 dining sofa,W EH1 L G OW1 T UW1 K IH1 CH AH0 N T EY1 B AH0 L T EY1 K B R AE1 N D IY0 B R AE1 N D Z W AH1 N EY1 T D AY1 N IH0 NG S OW1 F AH0
97,97,./utterance_data/speaker_T/098.wav,Go to lobby  go to Reception_Table er leave the apartment .,go to Roby go to the station Tabor Apartments,G OW1 T UW1 R OW1 B IY0 G OW1 T UW1 DH AH0 S T EY1 SH AH0 N T EY1 B ER0 AH0 P AA1 R T M AH0 N T S
98,98,./utterance_data/speaker_T/099.wav,Would you go to Bar take Red_Potato er come back .,would you go to buy take that potato at Camelback,W UH1 D Y UW1 G OW1 T UW1 B AY1 T EY1 K DH AE1 T P AH0 T EY1 T OW2 AE1 T S IY1 AH0 EH1 M IY1 EH1 L B IY1 AH0 S IY1 K EY1
99,99,./utterance_data/speaker_T/100.wav,Would you go to lobby Grasp toy_duck finally come back .,would you go to Robocraft dark pee come back,W UH1 D Y UW1 G OW1 T UW1 AA1 R OW1 B IY1 OW1 S IY1 AA1 R AH0 EH1 F T IY1 D AA1 R K P IY1 K AH1 M B AE1 K
